"Title","Species_Name","Sequence"
"PV797986.1 Candida albicans isolate CaEcQCarf1 lanosterol 14-alpha-demethylase (ERG11) gene, partial cds","Candida albicans","GTGTTTTATTGGATTCCTTGGTTTGGTTCTGCAGCTTCATATGGTCAACAACCTTATGAATTTTTCGAATCATGTCGTCAAAAGTATGGTGATGTATTTTCATTTATGTTATTAGGGAAAATTATGACGGTTTATTTAGGTCCAAAAGGTCATGAATTTGTTTTTAATGCTAAATTATCTGATGTTTCTTCTGAAGATGCTTATAAACATTTAACTACTCCAGTTTTCGGTAAAGGGGTTATTTATGATTGTCCAAATTCCAGATTAATGGAACAAAAAAAATTTGCTAAATTTGCTTTGACTACTGATTCATTTAAAAGATATGTTCCTAAGATTAGAGAAGAAATTTTGAATTATTTTGTTACTGATGAAAGTTTCAAATTGAAAGAAAAAACTCATGGGGTTGCCAATGTTATGAAAACTCAACCAGAAATTACTATTTTCACTGCTTCAAGATCTTTATTTGGTGATGAAATGAGAAGAATTTTTGACCGTTCATTTGCTCAACTATATTCTGATTTAGATAAAGGTTTTACCCCTATTAATTTTGTTTTCCCTAATTTACCTTTACCTCATTATTGGAGACGTGATGCTGCTCAAAAGAAAATCTCTGCTACTCATATGAAAGAAATTAAACTGAGAAGAGAACGTGGTGATATTGATCCAAATCGTGATTTAATTGATTCCTTATTGATTCATTCAACTTATAAAGATGGTGTGAAAATGACTGATCAAGAAATTGCTAATCTTTTAATTGGTATTCTTATGGGTGGTCAACATACTTCTGCTTCTACTTCTGCTTGGTTCTTGTTACATTTAGGTGAAAAACCTCATTTACAAGATGTTATTTATCAAGAAGTTGTTGAATTATTGAAAGAAAAAGGTGGTGATTTGAATGATTTGACTTATGAAGATTTACAAAAATTACCATCAGTCAATAACACTATTAAGGAAACTCTCAGAATGCATATGCCATTACATTCTATTTTTAGAAAAGTTACTAACCCATTAAGAATCCCTGAAACCAATTATATTGTTCCAAAAGGTCATTATGTTTTAGTTTCTCCAGGTTATGCTCATACTAGTGAAAGATATTTTGATAACCCTGAAGATTTTGATCCAACTAGATGGGATACTGCTGCTGCCAAAGCTAATTCTGTTTCATTTAACTCTTCTGATGAAGTTGATTATGGGTTTGGGAAAGTTTCTAAAGGGGTTTCTTCACCTTATTTACCATTTGGTGGTGGTAGACATAGATGTATTGGGGAACAATTTGCTTATGTTCAATTAGGAACCATTTTAACTAC"
"ON161125.1 Candida albicans strain A173_22 cytochrome P-450 lanosterol 14-alpha-demethylase (ERG11) gene, partial cds","Candida albicans","ACTGTCATTGATGGCATTAATTATTTTTTGTCCCTTAGTGTTACACAACAGATCAGTATATTATTAGGGGTTCCATTTGTTTACAACTTAGTATGGCAATATTTATATTCATTAAGAAAAGATAGAGCTCCATTAGTGTTTTATTGGATTCCTTGGTTTGGTTCTGCAGCTTCATATGGTCAACAACCTTATGAATTTTTCGAATCATGTCGTCAAAAGTATGGTGATGTATTTTCATTTATGTTATTAGGGAAAATTATGACGGTTTATTTAGGTCCAAAAGGTCATGAATTTGTTTTTAATGCTAAATTATCTGATGTTTCTGTTGAAGATGCTTATAAACATTTAACTACTCCAGTTTTCGGTAAAGGGGTTATTTATGATTGTCCAAATTCCAGATTAATGGAACAAAAAAAACTTGCTAAATTTGCTTTGACTACTGATTCATTTAAAAGATATGTTCCTAAGATTAGAGAAGAAATTTTGAATTATTTTGTTACTGATGAAAGTTTCAAATTGAAAGAAAAAACTCATGGGGTTGCCAATGTTATGAAAACTCAACCAGAAATTACTATTTTCACTGCTTCAAGATCTTTATTTGGTGATGAAATGAGAAGAATTTTTGACCGTTCATTTGCTCAACTATATTCTGATTTAGATAAAGGTTTTACCCCTATTAATTTTGTTTTCCCTAATTTACCTTTACCTCATTATTGGAGACGTGATGCTGCTCAAAAGAAAATCTCTGCTACTTATATGAAAGAAATTAAACTGAGAAGAGAACGTGGTGATATTGATCCAAATCGTGATGTAATTGATTCCTTATTGATTCATTCAACTTATAAAGATGGTGTGAAAATGACTGATCAAGAAATTGCTAATCTTTTAATTGGTATTCTTATGGGTGGTCAACATACTTCTGCTTCTACTTCTGCTTGGTTCTTGTTACATTTAGGTGAAAAACCTCATTTACAAGATGTTATTTATCAAGAAGTTGTTGAATTATTGAAAGAAAAAGGTGGTGATTTGAATGATTTGACTTATGAAGATTTACAAAAATTACCATCAGTCAATAACACTATTAAGGAAACTCTCAGAATGCATATGCCATTACATTCTATTTTTAGAAAAGTTACTAACCCATTAAGAATCCCTGAAACCAATTATATTGTTCCAAAAGGTCATTATGTTTTAGTTTCTCCAGGTTATGCTCATACTAGTGAAAGATATTTTGATAACCCTGAAGATTTTGATCCAACTAGATGGGATACTGCTGCTGCCAAAGCTAATTCTGTTTCATTTAACTCTTCTGATGAAGTTGATTATGGGTTTGGGAAAGTTTCTAAAGGGGTTTCTTCACCTTATTTACCATTTGGTGGTGGTAGACATAGATGTATTGGGGAACAATTTGCTTATGTTCAATTAGGAACCATTTTAACTACTTTTGTTTATAATTTAAGATGGACTATTGATGGTTATAAAGTGCCTGACCCTGATTATAGTTCAATGGTGGTTTTACCTACTGAACCAGCAGAAATCATTTGGGAAAAAAGAGAAACT"
"PQ384442.1 Candida albicans isolate 14 ERG11 protein gene, partial cds","Candida albicans","GTCATTGATGGCATTAATTATTTTTTGTCCCTTAGTGTTACACAACAGATCAGTATATTATTAGGGGTTCCATTTGTTTACAACTTAGTATGGCAATATTTATATTCATTAAGAAAAGATAGAGCTCCATTAGTGTTTTATTGGATTCCTTGGTTTGGTTCTGCAGCTTCATATGGTCAACAACCTTATGAATTTTTCGAATCATGTCGTCAAAAGTATGGTGATGTATTTTCATTTATGTTATTAGGGAAAATTATGACGGTTTATTTAGGTCCAAAAGGTCATGAATTTGTTTTTAATGCTAAATTATCTGATGTTTCTGCTGAAGATGCTTATAAACATTTAACTACTCCAGTTTTCGGTACAGGGGTTATTTATGATTGTCCAAATTCTAGATTAATGGAACAAAAAAAATTTGCTAAATTTGCTTTGACTACTGATTCATTTAAAAGATATGTTCCTAAGATTAGAGAAGAAATTTTGAATTATTTTGTTACTGATGAAAGTTTCAAATTGAAAGAAAAAACTCATGGGGTTGCCAATGTTATGAAAACTCAACCAGAAATTACTATTTTCACTGCTTCAAGATCTTTATTTGGTGATGAAATGAGAAGAATTTTTGACCGTTCATTTGCTCAACTATATTCTGATTTAGATAAAGGTTTTACCCCTATTAATTTTGTTTTCCCTAATTTACCTTTACCTCATTATTGGAGACGTGATGCTGCTCAAAAGAAAATCTCTGCTACTTATATGAAAGAAATTAAACTGAGAAGAGAACGTGGTGATATTGATCCAAATCGTGATTTAATTGATTCCTTATTGATTCATTCAACTTATAAAGATGGTGTGAAAATGACTGATCAAGAAATTGCTAATCTTTTAATTGGTATTCTTATGGGTGGTCAACATACTTCTGCTTCTACTTCTGCTTGGTTCTTGTTACATTTAGGTGAAAAACCTCATTTACAAGATGTTATTTATCAAGAAGTTGTTGAATTATTGAAAGAAAAAGGTGGTGATTTGAATGATTTGACTTATGAAGATTTACAAAAATTACCATCAGTCAATAACACTATTAAGGAAACTCTCAGAATGCATATGCCATTACATTCTATTTTTAGAAAAGTTACTAACCCATTAAGAATCCCTGAAACCAATTATATTGTTCCAAAAGGTCATTATGTTTTAGTTTCTCCAGGTTATGCTCATACTAGTGAAAGATATTTTGATAACCCTGAAGATTTTGATCCAACTAGATGGGATACTGCTGCTGCCAAAGCTAATTCTGTTTCATTTAACTCTTCTGATGAAGTTGATTATGGGTTTGGGAAAGTTTCTAAAGGGGTTTCTTCACCTTATTTACCATTTGGTGGTGGTAGACATAGATGTATTGGGGAACAATTTGCTTATGTTCAATTGGGAACCATTTTAACTACTTTTGTTTATAATTTAAGATGGACTATTGATGGTTATAAAGTGCCTGACCCTGATTATAGTTCAATGGTGGTTTTACCTACTGAACCAGCAGAAATCATTTGGGAAAAAAGAGAA"
"PV797987.1 Candida albicans isolate CaEcQCarf2 lanosterol 14-alpha-demethylase (ERG11) gene, partial cds","Candida albicans","TTGGATTCCTTGGTTTGGTTCTGCAGCTTCATATGGTCAACAACCTTATGAATTTTTCGAATCATGTCGTCAAAAGTATGGTGATGTATTTTCATTTATGTTATTAGGGAAAATTATGACGGTTTATTTAGGTCCAAAAGGTCATGAATTTGTTTTTAATGCTAAATTATCTGATGTTTCTTCTGAAGATGCTTATAAACATTTAACTACTCCAGTTTTCGGTAAAGGGGTTATTTATGATTGTCCAAATTCCAGATTAATGGAACAAAAAAAATTTGCTAAATTTGCTTTGACTACTGATTCATTTAAAAGATATGTTCCTAAGATTAGAGAAGAAATTTTGAATTATTTTGTTACTGATGAAAGTTTCAAATTGAAAGAAAAAACTCATGGGGTTGCCAATGTTATGAAAACTCAACCAGAAATTACTATTTTCACTGCTTCAAGATCTTTATTTGGTGATGAAATGAGAAGAATTTTTGACCGTTCATTTGCTCAACTATATTCTGATTTAGATAAAGGTTTTACCCCTATTAATTTTGTTTTCCCTAATTTACCTTTACCTCATTATTGGAGACGTGATGCTGCTCAAAAGAAAATCTCTGCTACTCATATGAAAGAAATTAAACTGAGAAGAGAACGTGGTGATATTGATCCAAATCGTGATTTAATTGATTCCTTATTGATTCATTCAACTTATAAAGATGGTGTGAAAATGACTGATCAAGAAATTGCTAATCTTTTAATTGGTATTCTTATGGGTGGTCAACATACTTCTGCTTCTACTTCTGCTTGGTTCTTGTTACATTTAGGTGAAAAACCTCATTTACAAGATGTTATTTATCAAGAAGTTGTTGAATTATTGAAAGAAAAAGGTGGTGATTTGAATGATTTGACTTATGAAGATTTACAAAAATTACCATCAGTCAATAACACTATTAAGGAAACTCTCAGAATGCATATGCCATTACATTCTATTTTTAGAAAAGTTACTAACCCATTAAGAATCCCTGAAACCAATTATATTGTTCCAAAAGGTCATTATGTTTTAGTTTCTCCAGGTTATGCTCATACTAGTGAAAGATATTTTGATAACCCTGAAGATTTTGATCCAACTAGATGGGATACTGCTGCTGCCAAAGCTAATTCTGTTTCATTTAACTCTTCTGATGAAGTTGATTATGGGTTTGGGAAAGTTTCTAAAGGGGTTTCTTCACCTTATTTACCATTTGGTGGTGGTAGACATAGATGTATTGGGGAACAA"
"PQ384446.1 Candida albicans isolate 113 ERG11 protein gene, partial cds","Candida albicans","GTCATTGATGGCATTAATTATTTTTTGTCCCTTAGTGTTACACAACAGATCAGTATATTATTAGGGGTTCCATTTGTTTACAACTTAGTATGGCAATATTTATATTCATTAAGAAAAGATAGAGCTCCATTAGTGTTTTATTGGATTCCTTGGTTTGGTTCTGCAGCTTCATATGGTCAACAACCTTATGAATTTTTCGAATCATGTCGTCAAAAGTATGGTGATGTATTTTCATTTATGTTATTAGGGAAAATTATGACGGTTTATTTAGGTCCAAAAGGTCATGAATTTGTTTTTAATGCTAAATTATCTGATGTTTCTGCTGAAGATGCTTATAAACATTTAACTACTCCAGTTTTCGGTAAAGGGGTTATTTATGATTGTCCAAATTCCAGATTAATGGAACAAAAAAAATTTGCTAAATTTGCTTTGACTACTGATTCATTTAAAAGATATGTTCCTAAGATTAGAGAAGAAATTTTGAATTATTTTGTTACTGATGAAAGTTTCAAATTGAAAGAAAAAACTCATGGGGTTGCCAATGTTATGAAAACTCAACCAGAAATTACTATTTTCACTGCTTCAAGATCTTTATTTGGTGATGAAATGAGAAGAATTTTTGACCGTTCATTTGCTCAACTATATTCTGATTTAGATAAAGGTTTTACCCCTATTAATTTTGTTTTCCCTAATTTACCTTTACCTCATTATTGGAGACGTGATGCTGCTCAAAAGAAAATCTCTGCTACTTATATGAAAGAAATTAAACTGAGAAGAGAACGTGGTGATATTGATCCAAATCGTGATTTAATTGATTCCTTATTGATTCATTCAACTTATAAAGATGGTGTGAAAATGACTGATCAAGAAATTGCTAATCTTTTAATTGGTATTCTTATGGGTGGTCAACATACTTCTGCTTCTACTTCTGCTTGGTTCTTGTTACATTTAGGTGAAAAACCTCATTTACAAGATGTCATTTATCAAGAAGTTGTTGAATTATTGAAAGAAAAAGGTGGTGATTTGAATGATTTGACTTATGAAGATTTACAAAAATTACCATCGGTCAATAACACTATTAAGGAAACTCTTAGAATGCATATGCCATTACATTCTATTTTTAGAAAAGTTACTAACCCATTAAGAATCCCTGAAACCAATTATATTGTTCCAAAAGGTCATTACGTTTTAGTTTCTCCAGGTTATGCTCATACTAGTGAAAGATATTTTGATAACCCTGAAGATTTTGATCCAACTAGATGGGACACTGCTGCTGCCAAAGCTAATTCTGTTTCATTTAACTCTTCTGATGAAGTTGATTATGGGTTTGGGAAAGTTTCTAAAGGGGTTTCTTCACCTTATTTACCATTTGGTGGTGGTAGACATAGATGTATTGGGGAACAATTTGCTTATGTTCAATTGGGAACCATTTTAACTACTTTTGTTTATAACTTAAGATGGACTATTGATGGTTATAAAGTGCCTGACCCTGATTATAGTTCAATGGTGGTTTTACCTACTGAACCAGCAGAAATCATTTGGGAAAAAAGAGAA"
"PV630270.1 Candidozyma auris isolate NCCPF470034 14-alpha-demethylase (ERG11) mRNA, complete cds","Candida auris","ATGGCCTTGAAGGACTGCATCGTCGATGTTGTCGACCGATTTTCGGCGTTGCCCGTGCCCGTGAAGCTCGCGGTGCTTATTTTGGTGCCCATCGTCTACAACCTTGTATGGCAGTTTGTCTACTCTCTCAGAAAAGACAGAGCTCCCTTGGTGTTTCACTGGGTGCCATGGGTGGGCTCTGCTGTTGTTTACGGAATGCAGCCATATCAATTTTTCGAGCTGTGCAGAGAGAAATACGGCGATGTGTTTGCTTTCGTGATGTTAGGAAAAGTTATGACGGTTTACTTGGGACCTAAGGGACACGAGTTTGTATTGAACGCTAAGCTTGCGGATGTTTCTGCCGAGGCTGCTTATTCCCACTTGACCACTCCAGTTTTCGGGAAAGGTGTCATTTACGACTGTCCCAACTCGAGGTTGATGGAGCAGAGGAAATTTGCTAAGACTGCCTTGACGAAAGAAGCTTTCCAGAGGTACGTGCCCAGAATCCAAGAGGAAGTTTTGGACTACTTCAAAGCTTGCTCCCAATTCAAAATGAACGAACGTAACAACGGCGTGGCCAACGTGATGAAGACTCAGCCTGAGATGACCATCTTAACTGCTTCCAAGTCGTTGATGGGTGATGACATGAGAGCCAGATTTGATGCCTCCTTCGCCAAATTGTACTCCGACTTGGATAAAGGTTTCACACCCATCAACTTCGTCTTCCCCCACTTGCCCTTGCCTGCCTACTGGAAGAGAGACGCTGCTCAGCAGAAGATCTCTGCTACCTACATGTCCTTGATTAACGAGAGAAGAAAGACCGGTGACATCGTTCCTGACAGGGACTTGATCGACTCGCTAATGACAAACTCGACGTATAAAGATGGCGTGAAGATGACCGATCAGGAGGTTGCCAACTTGTTGATTGGTGTTTTGATGGGAGGTCAGCACACTTCAGCTTCCACGTCTGCCTGGTTTTTGTTGCACTTAGCTGAGCAACCAAAGTTGCAAGAGGAGCTTTACAATGAGGTCCTTTCAGTTTTGGCTGAAAAGGGCGGCAGCTTAAAGGATTTGGCTTACGACGACTTACAGAAGATGCCTTTGATCAACCAGACCATCAAGGAGACGTTGCGTTTGCACATGCCATTGCACTCCATTTTCAGAAAAGTCATGAACCCACTCGTGGTTCCAAACACCAAGTATGTTGTGCCTAAGGGTCACTACGTGATGGTCTCCCCAGGTTACGCCCAGACCAACGAGAAGTGGTTCCCCAGGGCCAACGAGTTCGACCCACACAGATGGGACGAGGAAACCTCCAGCAATATAGACACCGATGCTGTCGACTACGGGTTTGGTAAAGTCACCAAGGGTGTTTCTTCGCCATACTTGCCTTTTGGCGGTGGTAGACACCGTTGCATTGGTGAGCAGTTTGCCTACGTGCAATTGGGCACCATCTTAGCTACCTATGTGTACAACATCAAGTGGAGGTTCAAGAAGGATGGATCGCTTCCACCAGTCGACTACCAGTCGATGGTGACGCTACCAATGGAGCCAGCAGAAATCGAGTGGGAGAAAAGAGAGACTTGTGTTTACTAA"
"PV630276.1 Candidozyma auris isolate NCCPF470227 14-alpha-demethylase (ERG11) mRNA, complete cds","Candida auris","ATGGCCTTGAAGGACTGCATCGTCGATGTTGTCGACCGATTTTCGGCGTTGCCCGTGCCCGTGAAGCTCGCGGTGCTTATTTTGGTGCCCATCGTCTACAACCTTGTATGGCAGTTTGTCTACTCTCTCAGAAAAGACAGAGCTCCCTTGGTGTTTCACTGGGTGCCATGGGTGGGCTCTGCTGTTGTTTACGGAATGCAGCCATATCAATTTTTCGAGCTGTGCAGAGAGAAATACGGCGATGTGTTTGCTTTCGTGATGTTAGGAAAAGTTATGACGGTTTACTTGGGACCTAAGGGACACGAGTTTGTATTGAACGCTAAGCTTGCGGATGTTTCTGCCGAGGCTGCTTATTCCCACTTGACCACTCCAGTTTTCGGGAAAGGTGTCATTTACGACTGTCCCAACTCGAGGTTGATGGAGCAGAGGAAATTTGCTAAGACTGCCTTGACGAAAGAAGCTTTCCAGAGGTACGTGCCCAGAATCCAAGAGGAAGTTTTGGACTACTTCAAAGCTTGCTCCCAATTCAAAATGAACGAACGTAACAACGGCGTGGCCAACGTGATGAAGACTCAGCCTGAGATGACCATCTTAACTGCTTCCAAGTCGTTGATGGGTGATGACATGAGAGCCAGATTTGATGCCTCCTTCGCCAAATTGTACTCCGACTTGGATAAAGGTTTCACACCCATCAACTTCGTCTTCCCCCACTTGCCCTTGCCTGCCTACTGGAAGAGAGACGCTGCTCAGCAGAAGATCTCTGCTACCTACATGTCCTTGATTAACGAGAGAAGAAAGACCGGTGACATCGTTCCTGACAGGGACTTGATCGACTCGCTAATGACAAACTCGACGTATAAAGATGGCGTGAAGATGACCGATCAGGAGGTTGCCAACTTGTTGATTGGTGTTTTGATGGGAGGTCAGCACACTTCAGCTTCCACGTCTGCCTGGTTTTTGTTGCACTTAGCTGAGCAACCAAAGTTGCAAGAGGAGCTTTACAATGAGGTCCTTTCAGTTTTGGCTGAAAAGGGCGGCAGCTTAAAGGATTTGGCTTACGACGACTTACAGAAGATGCCTTTGATCAACCAGACCATCAAGGAGACGTTGCGTTTGCACATGCCATTGCACTCCATTTTCAGAAAAGTCATGAACCCACTCGTGGTTCCAAACACCAAGTATGTTGTGCCTAAGGGTCACTACGTGATGGTCTCCCCAGGTTACGCCCAGACCAACGAGAAGTGGTTCCCCAGGGCCAACGAGTTCGACCCACACAGATGGGACGAGGAAACCTCCAGCAATATAGACACCGATGCTGTCGACTACGGGTTTGGTAAAGTCACCAAGGGTGTTTCTTCGCCATACTTGCCTTTTGGCGGTGGTAGACACCGTTGCATTGGTGAGCAGTTTGCCTACGTGCAATTGGGCACCATCTTAGCTACCTATGTGTACAACATCAAGTGGAGGTTCAAGAAGGATGGATCGCTTCCACCAGTCGACTACCAGTCGATGGTGACGCTACCAATGGAGCCAGCAGAAATCGAGTGGGAGAAAAGAGAGACTTGTGTTTACTAA"
"OR493458.1 Candidozyma auris isolate XE6 14-alpha-demethylase (ERG11) gene, partial cds","Candida auris","GCGTTGCCCGTGCCCGTGAAGCTCGCGGTGCTTATTTTGGTGCCCATCGTCTACAACCTTGTATGGCAGTTTGTCTACTCTCTCAGAAAAGACAGAGCTCCCTTGGTGTTTCACTGGGTGCCATGGGTGGGCTCTGCTGTTGTTTACGGAATGCAGCCATATCAATTTTTCGAGCTGTGCAGAGAGAAATACGGCGATGTGTTTGCTTTCGTGATGTTAGGAAAAGTTATGACGGTTTACTTGGGACCTAAGGGACACGAGTTTGTATTGAACGCTAAGCTTGCGGATGTTTCTGCCGAGGCTGCTTATTCCCACTTGACCACTCCAGTTTTCGGGAAAGGTGTCATTTTCGACTGTCCCAACTCGAGGTTGATGGAGCAGAAGAAATTTGCTAAGACTGCCTTGACGAAAGAAGCTTTCCAGAGGTACGTGCCCAGAATCCAAGAAGAAGTTTTGGACTACTTCAAAGCTTGCTCCCAATTCAAAATGAACGAACGTAACAACGGCGTGGCCAACGTGATGAAGACTCAGCCTGAGATGACCATCTTAACTGCTTCCAAGTCGTTGATGGGTGATGACATGAGAGCCAGATTTGATGCCTCCTTCGCCAAATTGTACTCCGACTTGGATAAAGGTTTCACACCCATCAACTTCGTCTTCCCCCACTTGCCCTTGCCTGCCTACTGGAAGAGAGACGCTGCTCAGCAGAAGATCTCTGCTACCTACATGTCCTTGATTAACGAGAGAAGAAAGACCGGTGACATCGTTCCTGACAGGGACTTGATCGACTCGCTAATGACAAACTCGACGTATAAAGATGGCGTGAAGATGACCGATCAGGAGGTTGCCAACTTGTTGATTGGTGTTTTGATGGGAGGTCAGCACACTTCAGCTTCCACGTCTGCCTGGTTTTTGTTGCACTTAGCTGAGCAACCAAAGTTGCAAGAGGAGCTTTACAATGAGGTCCTTTCAGTTTTGGCTGAAAAGGGCGGCAGCTTAAAGGATTTGGCTTACGACGACTTACAGAAGATGCCTTTGATCAACCAGACCATCAAGGAGACGTTGCGTTTGCACATGCCATTGCACTCCATTTTCAGAAAAGTCATGAACCCACTCGTGGTTCCAAACACCAAGTATGTTGTGCCTAAGGGTCACTACGTGATGGTCTCCCCAGGTTACGCCCAGACCAACGAGAAGTGGTTCCCCAGGGCCAACGAGTTCGACCCACACAGATGGGACGAGGAAACCTCCAGCAATATAGACACCGATGCTGTCGACTACGGGTTTGGTAAAGTCACCAAGGGTGTTTCTTCGCCATACTTGCCTTTTGGCGGTGGTAGACACCGTTGCATTGGTGAGCAGTTTGCCTACGTGCAATTGGGCACCATCTTAGCTACCTATGTGTACAACATCAAGTGGAGGTTCAAGAAGGATGGATCGCTTCCACCAGTCGACTACCAGTCGATGGTGACG"
"PV630299.1 Candidozyma auris isolate NCCPF470391 14-alpha-demethylase (ERG11) mRNA, complete cds","Candida auris","ATGGCCTTGAAGGACTGCATCGTCGATGTTGTCGACCGATTTTCGGCGTTGCCCGTGCCCGTGAAGCTCGCGGTGCTTATTTTGGTGCCCATCGTCTACAACCTTGTATGGCAGTTTGTCTACTCTCTCAGAAAAGACAGAGCTCCCTTGGTGTTTCACTGGGTGCCATGGGTGGGCTCTGCTGTTGTTTACGGAATGCAGCCATATCAATTTTTCGAGCTGTGCAGAGAGAAATACGGCGATGTGTTTGCTTTCGTGATGTTAGGAAAAGTTATGACGGTTTACTTGGGACCTAAGGGACACGAGTTTGTATTGAACGCTAAGCTTGCGGATGTTTCTGCCGAGGCTGCTTATTCCCACTTGACCACTCCAGTTTTCGGGAAAGGTGTCATTTTCGACTGTCCCAACTCGAGGTTGATGGAGCAGAAGAAATTTGCTAAGACTGCCTTGACGAAAGAAGCTTTCCAGAGGTACGTGCCCAGAATCCAAGAGGAAGTTTTGGACTACTTCAAAGCTTGCTCCCAATTCAAAATGAACGAACGTAACAACGGCGTGGCCAACGTGATGAAGACTCAGCCTGAGATGACCATCTTAACTGCTTCCAAGTCGTTGATGGGTGATGACATGAGAGCCAGATTTGATGCCTCCTTCGCCAAATTGTACTCCGACTTGGATAAAGGTTTCACACCCATCAACTTCGTCTTCCCCCACTTGCCCTTGCCTGCCTACTGGAAGAGAGACGCTGCTCAGCAGAAGATCTCTGCTACCTACATGTCCTTGATTAACGAGAGAAGAAAGACCGGTGACATCGTTCCTGACAGGGACTTGATCGACTCGCTAATGACAAACTCGACGTATAAAGATGGCGTGAAGATGACCGATCAGGAGGTTGCCAACTTGTTGATTGGTGTTTTGATGGGAGGTCAGCACACTTCAGCTTCCACGTCTGCCTGGTTTTTGTTGCACTTAGCTGAGCAACCAAAGTTGCAAGAGGAGCTTTACAATGAGGTCCTTTCAGTTTTGGCTGAAAAGGGCGGCAGCTTAAAGGATTTGGCTTACGACGACTTACAGAAGATGCCTTTGATCAACCAGACCATCAAGGAGACGTTGCGTTTGCACATGCCATTGCACTCCATTTTCAGAAAAGTCATGAACCCACTCGTGGTTCCAAACACCAAGTATGTTGTGCCTAAGGGTCACTACGTGATGGTCTCCCCAGGTTACGCCCAGACCAACGAGAAGTGGTTCCCCAGGGCCAACGAGTTCGACCCACACAGATGGGACGAGGAAACCTCCAGCAATATAGACACCGATGCTGTCGACTACGGGTTTGGTAAAGTCACCAAGGGTGTTTCTTCGCCATACTTGCCTTTTGGCGGTGGTAGACACCGTTGCATTGGTGAGCAGTTTGCCTACGTGCAATTGGGCACCATCTTAGCTACCTATGTGTACAACATCAAGTGGAGGTTCAAGAAGGATGGATCGCTTCCACCAGTCGACTACCAGTCGATGGTGACGCTACCAATGGAGCCAGCAGAAATCGAGTGGGAGAAAAGAGAGACTTGTGTTTACTAA"
"OR493456.1 Candidozyma auris isolate XE4 14-alpha-demethylase (ERG11) gene, partial cds","Candida auris","GCGTTGCCCGTGCCCGTGAAGCTCGCGGTGCTTATTTTGGTGCCCATCGTCTACAACCTTGTATGGCAGTTTGTCTACTCTCTCAGAAAAGACAGAGCTCCCTTGGTGTTTCACTGGGTGCCATGGGTGGGCTCTGCTGTTGTTTACGGAATGCAGCCATATCAATTTTTCGAGCTGTGCAGAGAGAAATACGGCGATGTGTTTGCTTTCGTGATGTTAGGAAAAGTTATGACGGTTTACTTGGGACCTAAGGGACACGAGTTTGTATTGAACGCTAAGCTTGCGGATGTTTCTGCCGAGGCTGCTTATTCCCACTTGACCACTCCAGCTCTCGGGAAAGGTGTCATTTACGACTGTCCCAACTCGAGGTTGATGGAGCAGAAGAAATTTGCTAAGACTGCCTTGACGAAAGAAGCTTTCCAGAGGTACGTGCCCAGAATCCAAGAGGAAGTTTTGGACTACTTCAAAGCTTGCTCCCAATTCAAAATGAACGAACGTAACAACGGCGTGGCCAACGTGATGAAGACTCAGCCTGAGATGACCATCTTAACTGCTTCCAAGTCGTTGATGGGTGATGACATGAGAGCCAGATTTGATGCCTCCTTCGCCAAATTGTACTCCGACTTGGATAAAGGTTTCACACCCATCAACTTCGTCTTCCCCCACTTGCCCTTGCCTGCCTATTGGAAGAGAGACGCTGCTCAGCAGAAGATCTCTGCTACCTACATGTCCTTGATTAACGAGAGAAGAAAGACCGGTGACATCGTTCCTGACAGGGACTTGATCGACTCGCTAATGACAAACTCGACGTATAAAGATGGCGTGAAGATGACCGATCAGGAGGTTGCCAACTTGTTGATTGGTGTTTTGATGGGAGGTCAGCACACTTCAGCTTCCACGTCTGCCTGGTTTTTGTTGCACTTAGCTGAGCAACCAAAGTTGCAAGAGGAGCTTTACAATGAGGTCCTTTCAGTTTTGGCTGAAAAGGGCGGCAGCTTAAAGGATTTGGCTTACGACGACTTACAGAAGATGCCTTTGATCAACCAGACCATCAAGGAGACGTTGCGTTTGCACATGCCATTGCACTCCATTTTCAGAAAAGTCATGAACCCACTCGTGGTTCCAAACACCAAGTATGTTGTGCCTAAGGGTCACTACGTGATGGTCTCCCCAGGTTACGCCCAGACCAACGAGAAGTGGTTCCCCAGGGCCAACGAGTTCGACCCACACAGATGGGACGAGGAAACCTCCAGCAATATAGACACCGATGCTGTCGACTACGGGTTTGGTAAAGTCACCAAGGGTGTTTCTTCGCCATACTTGCCTTTTGGCGGTGGTAGACACCGTTGCATTGGTGAGCAGTTTGCCTACGTGCAATTGGGCACCATCTTAGCTACCTATGTGTACAACATCAAGTGGAGGTTCAAGAAGGATGGATCGCTTCCACCAGTCGACTACCAGTCGATGGTGACG"
"PV269798.1 Nakaseomyces glabratus strain VPCI 944/P/21 lanosterol 14 alpha-demethylase (ERG11) gene, partial cds","Candida glabrata","CTTCTTTGGTCGTTGAACTATTGGAGAACGTGAAGCTTGGTCTTTCGTACTTCCAAGCTCTGCCATTGGCGCAGAGAGTGTCTATTATGGCCGCCTTGCCTTTTGTGTACACCATCACATGGCAATTGCTTTACTCCTGGAGAAAGGACAAACCACCACTTGTGTTCTACTGGATCCCATGGGTCGGCTCTGCTATCCCATACGGTACCAAGCCATACGAGTTCTTCGAAGACTGCAAAAAGAAATACGGTGATCTCTTCTCTTTCATGCTATTGGGAAGAATTATGACTGTCTACTTGGGTCCAAAGGGTCACGAATTCATCTTCAACGCCAAGTTGGCCGATGTTTCCGCTGAAGCTGCTTACTCCCACTTGACCACCCCAGTGTTCGGTAAAGGTGTTATCTACGATTGTCCAAACCACAGACTAATGGAACAAAAGAAGTTTGTCAAGGGTGCTTTGACTAAGGAAGCCTTTGTCAGATACGTTCCATTGATCGCTGAGGAAATCTACAAGTACTTCAGAAACTCCAAGAACTTCAAGATCAACGAAAACAACTCCGGTATCGTCGACGTTATGGTCTCCCAACCTGAAATGACTATCTTCACTGCTTCCAGATCCTTGCTAGGTAAGGAAATGAGAGACAAGTTGGACACCGACTTCGCTTACTTGTACAGTGACTTGGACAAGGGTTTCACCCCAATTAACTTCGTCTTCCCTAACTTGCCTCTAGAACACTACAGAAAGAGAGACCATGCCCAACAAGCTATCTCTGGTACTTACATGTCCTTGATTAAGGAAAGACGTGAGAAGAACGACATCCAAAACCGTGACTTGATTGATGAATTGATGAAGAACTCCACTTACAAGGATGGTACTAAGATGACCGACCAAGAAATTGCCAACCTATTGATTGGTGTCTTGATGGGTGGTCAACATACTTCCGCTGCTACCTCCGCTTGGTGTCTATTGCATTTGGCTGAAAGACCAGATGTCCAAGAAGAATTGTACCAAGAACAAATGCGCGTCTTGAACAACGATACCAAGGAATTGACTTACGATGACCTACAAAACATGCCTCTATTGAACCAAATGATCAAGGAAACTTTGAGATTGCACCACCCATTGCACTCTTTGTTCCGTAAAGTCATGAGAGATGTCGCTATTCCAAACACTTCTTACGTTGTCCCAAGGGACTACCACGTTCTAGTCTCCCCAGGTTACACTCACTTGCAAGAAGAATTCTTCCCTAAGCCAAATGAATTCAACATCCACCGTTGGGACGGTGATGCTGCTTCTTCCAGTGCTGCTGGTGGTGACGAAGTTGATTACGGTTTCGGTGCTATCTCCAAGGGTGTTTCCTCTCCATACTTGCCATTCGGTGGTGGTAGACACAGATGTATCGGTGAATTGTTCGCTTACTGTCAATTGGGTGTGTTGATGTCCATTTTCATCAGAACCATGAAATGGCGTTACCCAACTGAAGGTGAAACTGTCCCACCATCTGACTTCACCTCCATGGTCACCCTACCAACTGCCCCAGCTAAGATCTACTGGGAAAAGAGACATCCAGAACAAAA"
"OQ225156.1 Nakaseomyces glabratus isolate RCPF-1486 lanosterol 14-demethylase (ERG11) gene, complete cds","Candida glabrata","ATGTCCACTGAAAACACTTCTTTGGTCGTTGAACTATTGGAGTACGTGAAGCTTGGTCTTTCGTACTTCCAAGCTCTGCCATTGGCGCAGAGAGTGTCTATTATGGTCGCCTTGCCATTTGTGTACACCATCACATGGCAATTGCTTTACTCCTTGAGAAAGGACAGACCACCACTTGTGTTCTACTGGATCCCATGGGTCGGCTCTGCTATCCCATACGGTACCAAGCCATACGAGTTCTTCGAAGACTGCCAAAAGAAATACGGTGATATCTTCTCTTTCATGCTATTGGGTAGAATCATGACTGTCTACTTGGGTCCAAAGGGTCACGAATTCATCTTCAACGCCAAGTTGGCCGATGTTTCCGCTGAAGCTGCTTACTCCCACTTGACCACCCCAGTGTTCGGTAAAGGTGTTATCTACGATTGTCCAAACCACAGACTAATGGAACAAAAGAAGTTTGTCAAGGGTGCTTTGACTAAGGAAGCCTTTGTCAGATACGTTCCATTGATCGCTGAGGAAATCTACAAGTACTTCAGAAACTCCAAGAACTTCAAGATCAACGAAAACAACTCCGGTATCGTCGACGTTATGGTCTCCCAACCTGAAATGACTATCTTCACTGCTTCCAGATCCTTGCTAGGTAAGGAAATGAGAGACAAGTTGGACACCGACTTCGCTTACTTGTACAGTGACTTGGACAAGGGTTTCACCCCAATTAACTTCGTCTTCCCTAACTTGCCTCTAGAACACTACAGAAAGAGAGACCATGCCCAACAAGCTATCTCTGGTACTTACATGTCCTTGATTAAGGAAAGACGTGAGAAGAACGATATCCAAAACCGTGACTTGATTGATGAATTGATGAAGAACTCCACTTACAAGGATGGTACTAAGATGACCGACCAAGAAATTGCTAACCTATTGATTGGTGTCTTGATGGGTGGTCAACATACTTCCGCTGCTACCTCCGCTTGGTGTCTATTGCATTTGGCTGAAAGACCAGATGTCCAAGAAGAATTGTACCAAGAACAAATGCGCGTCTTGAACAACGATACCAAGGAATTGACTTACGATGACCTACAAAACATGCCTCTATTGAACCAAATGATCAAGGAAACTTTGAGATTGCACCACCCATTGCACTCTTTGTTCCGTAAAGTCATGAGAGATGTCGCTATTCCAAACACTTCCTACGTTGTCCCAAGGGACTACCACGTTCTAGTCTCCCCAGGTTACACTCACTTGCAAGAAGAATTCTTCCCTAAGCCAAATGAATTCAACATCCACCGTTGGGACGGTGATGCTGCTTCTTCCAGTGCTGCTGGTGGTGACGAAGTTGATTACGGTTTCGGTGCTATCTCCAAGGGTGTTTCCTCTCCATACTTGCCATTCGGTGGTGGTAGACACAGATGTATCGGTGAATTGTTCGCTTACTGTCAATTGGGTGTGTTGATGTCCATTTTCATCAGAACCATGAAATGGCGTTACCCAACTGAAGGTGAAACTGTCCCACCATCTGACTTCACCTCCATGGTCACCCTACCAACTGCCCCAGCTAAGATCTACTGGGAAAAGAGACATCCAGAACAAAAGTACTAG"
"PV269794.1 Nakaseomyces glabratus strain VPCI 226/P/20 lanosterol 14 alpha-demethylase (ERG11) gene, partial cds","Candida glabrata","TGGTCGTTGAACTATTGGAGTACGTGAAGCTTGGTCTTTCGTACTTCCAAGCTCTGCCATGGGCGCAGAGAGTGTCTATTATGGTCGCCTTGCCATTTGTGTACACCATCACATGGCATTTGCTTTACTCCTGGAGAAAGGACAGACCACCACTTGTGTTCTACTGGATCCCATGGGTCGGCTCTGCTATCCCATACGGTACCAAGCCATACGAGTTCTTCGAAGACTGCAAAAAGAAATACGGTGATCTCTTCTCTTTCATGCTATTGGGTAGAATTATGACTGTCTACTTGGGTCCAAAGGGTCACGAATTCATCTTCAACGCCAAGTTGGCCGATGTTTCCGCTGAAGCTGCTTACTCCCACTTGACCACCCCAGTGTTCGGTAAAGGTGTTATCTACGATTGTCCAAACCACAGACTAATGGAACAAAAGAAGTTTGTCAAGGGTGCTTTGACTAAGGAAGCCTTTGTCAGATACGTTCCATTGATCGCTGAGGAAATCTACAAGTACTTCAGAAACTCCAAGAACTTCAAGATCAACGAAAACAACTCCGGTATCGTCGACGTTATGGTCTCCCAACCTGAAATGACTATCTTCACTGCTTCCAGATCCTTGCTAGGTAAGGAAATGAGAGACAAGTTGGACACCGACTTCGCTTACTTGTACAGTGACTTGGACAAGGGTTTCACCCCAATTAACTTCGTCTTCCCTAACTTGCCTCTAGAACACTACAGAAAGAGAGACCATGCCCAACAAGCTATCTCTGGTACTTACATGTCCTTGATTAAGGAAAGACGTGAGAAGAACGACATCCAAAACCGTGACTTGATTGATGAATTGATGAAGAACTCCACTTACAAGGATGGTACTAAGATGACCGACCAAGAAATTGCCAACCTATTGATTGGTGTCTTGATGGGTGGTCAACATACTTCCGCTGCTACCTCCGCTTGGTGTCTATTGCATTTGGCTGAAAGACCAGATGTCCAAGAAGATTTGTTCCTAGAACAAATGCGCGTCTTGAACAACGATACCAAGGAATTGACTTACGATGACCTACAAAACATGCCTCTATTGAATCAAATGATCAAGGAAACTTTGAGATTGCACCACCCATTTCATTCTTTGTTCCGTAAAGTCATGAGAGATGTCGCTATTCCAAACACTTCCTACGTTGTCCCAAGGGACTACCACGTTCTAGTCTCCCCAGGTTACACTCACTTGCAAGAAGAATTCTTCCCTAAGCCAAATGAATTCAACATCCACCGTTGGGACGGTGATGCTGCTTCTTCCAGTGCTGCTGGTGGTGACGAAGTTGATTACGGTTTCGGTGCTATCTCCAAGGGTGTTTCCTCTCCATACTTGCCATTCGGTGGTGGTAGACACAGATGTATCGGTGAATTGTTCGCTTACTGTCAATTGGGTGTGTTGATGTCCATTTTCATCAGAACCATGAAATGGCGTTACCCAACTGAAGGTGAAACTGTCCCACCATCTGACTTCACCTCCATGGTCACCCTACCAACTGCCCCAGCTAAGATCTACTGGGAAAAGAGACATCCAGAACAAAAGTACT"
"PV269800.1 Nakaseomyces glabratus strain VPCI 9b lanosterol 14 alpha-demethylase (ERG11) gene, partial cds","Candida glabrata","TCTTTGGACGTTGAACTATGGGAGTACTTGAAGCTTGGTCTTTCGTACTTCCAAGCTCTGCCATTGGAGCAGAGAGTGTCTATTATGGTCGCCTTGCCATTTGCGTACCCCATCACATGGCATTTGCTTTCCTCCTTGAGAAAGGACAGACCACCACTTGTGTTCTACTGGATCCCAGGGGTCGGCTCTGCTATCCCATACGGTACCAAGCCATACGAGTTCTTCGAAGACTGCCAAAAGAAATACGGTGATCTCTTCTCTTTCATGCTATGGGGTAGAATTATGACTGTCTACTTGGGTCCAAAGGGTCACGATTTCATCTTCAACGCCGAGTTGGCCGATGTTTCCGCTGAAGCTGCTTACTCCCACTTGACCACCCCAGTGTTCGGTAAAGGTGTTATCTACGATTGTCCAAACCACAGACTAATGGAACAAAAGAAGTTTGTCAAGGGTGCTTTGACTAAGGAAGCCTTTGTCAGATACGTTCCATTGATCGCTGAGGAAATCTACAAGTACTTCAGAAACTCCAAGAACTTCAAGATCAACGAAAACAACTCCGGTATCGTCGACGTTATGGTCTCCCAACCTGAAATGACTATCTTCACTGCTTCCAGATCCTTGCTAGGTAAGGAAATGAGAGACAAGTTGGACACCGACTTCGCTTACTTGTACAGTGACTTGGACAAGGGTTTCACCCCAATTAACTTCGTCTTCCCTAACTTGCCTCTAGAACACTACAGAAAGAGAGACCATGCCCAACAAGCTATCTCTGGTACTTACATGTCCTTGATTAAGGAAAGACGTGAGAAGAACGACATCCAAAACCGTGACTTGATTGATGAATTGATGAAGAACTCCACTTACAAGGATGGTACTAAGATGACCGACCAAGAAATTGCCAACCTATTGATTGGTGTCTTGATGGGTGGTCAACATACTTCCGCTGCTACCTCCGCTTGGTGTCTATTGCATTTGGCTGAAAGACCAGATGTCCAAGAAGAATTGTACCAAGAACAAATGCGCGTCTTGAACAACGATACCAAGGAATTGACTTACGATGACCTACAAAACATGCCTCTATTGAACCAAATGATCAAGGAAACTTTGAGATTGCACCACCCATTGCACTCTTTGTTCCGTAAAGTCATGAGAGATGTCGCTATTCCAAACACTTCCTACGTTGTCCCCACGGACTACCACGTTCTAGTCTCCCCAGGTTACACTCACTTGCAAGAAGAATTCTTCCCTAAGCCAAATGAATTCAACATCCACCGTTGGGACGGTGATGCTGCTTCTTCCAGTGCTGCTGGTGGTGACGAAGTTGATTACGGTTTCGGTGCTATCTCCAAGGGTGTTTCCTCTCCATACTTGCCATTCGGTGGTGGTAGACACAGATGTATCGGTGAATTGTTCGCTTACTGTCAATTGGGTGTGCTGATGTCCATTTTCATCAGAACCATGAAATGGCGTTACCCAACTGAAGGTGAAACTGTCCCACCATCTGACTTCACCTCCATGGTCACCCTACCAACTGCCC"
"PV269795.1 Nakaseomyces glabratus strain VPCI 635/P/20 lanosterol 14 alpha-demethylase (ERG11) gene, partial cds","Candida glabrata","TCGTTGAACTATTGGAGAACGTGAAGCTTGGTCTTTCGTACTTCCAAGCTCTGCCATTGGCGCAGAGAGTGTCTATTATGGTCGCCTTGCCATTTGTGTACACCATCACATGGCATTTGCTTTACTCCTTGAGAAAGGACAGACCACCACTTGTGTTCTACTGGATCCCATGGGTCGGCTCTGCTATCCCATACGGTACCAAGCCATACGAGTTCTTCGAAGACTGCAAAAAGAAATACGGTGATTTCTTCTCTTTCATGCTATTGGGAAGAATTATGACTGTCTACTTGGGTCCAAAGGGTCACGAATTCATCTTCAACGCCAAGTTGGCCGATGTTTCCGCTGAAGCTGCTTACTCCCACTTGACCACCCCAGTGTTCGGTAAAGGTGTTATCTACGATTGTCCAAACCACAGACTAATGGAACAAAAGAAGTTTGTCAAGGGTGCTTTGACTAAGGAAGCCTTTGTCAGATACGTTCCATTGATCGCTGAGGAAATCTACAAGTACTTCAGAAACTCCAAGAACTTCAAGATCAACGAAAACAACTCCGGTATCGTCGACGTTATGGTCTCCCAACCTGAAATGACTATCTTCACTGCTTCCAGATCCTTGCTAGGTAAGGAAATGAGAGACAAGTTGGACACCGACTTCGCTTACTTGTACAGTGACTTGGACAAGGGTTTCACCCCAATTAACTTCGTCTTCCCTAACTTGCCTCTAGAACACTACAGAAAGAGAGACCATGCCCAACAAGCTATCTCTGGTACTTACATGTCCTTGATTAAGGAAAGACGTGAGAAGAACGACATCCAAAACCGTGACTTGATTGATGAATTGATGAAGAACTCCACTTACAAGGATGGTACTAAGATGACCGACCAAGAAATTGCCAACCTATTGATTGGTGTCTTGATGGGTGGTCAACATACTTCCGCTGCTACCTCCGCTTGGTGTCTATTGCATTTGGCTGAAAGACCAGATGTCCAAGAAGAATTGTACCAAGAACAAATGCGCGTCTTGAACAACGATACCAAGGAATTGACTTACGATGACCTACAAAACATGCCTCTATTGAACCAAATGATCAAGGAAACTTTGAGATTGCACCACCCATTGCACTCTTTGTTCCGTAAAGTCATGAGAGATGTCGCTATTCCAAACACTTCCTACGTTGTCCCAAGGGACTACCACGTTCTAGTCTCCCCAGGTTACACTCACTTGCAAGAAGAATTCTTCCCTAAGCCAAATGAATTCAACATCCACCGTTGGGACGGTGATGCTGCTTCTTCCAGTGCTGCTGGTGGTGACGAAGTTGATTACGGTTTCGGTGCTATCTCCAAGGGTGTTTCCTCTCCATACTTGCCATTCGGTGGTGGTAGACACAGATGTATCGGTGAATTGTTCGCTTACTGTCAATTGGGTGTGTTGATGTCCATTTTCATCAGAACCATGAAATGGCGTTACCCAACTGAAGGTGAAACTGTCCCACCATCTGACTTCACCTCCATGGTCACCCTACCAACTGCCCCAGCTAAGATCTACTGGGAAAAGAGACATCCAGAACAAAAG"
"MZ736408.1 Pichia kudriavzevii strain 2020-SD443 cytochrome P450 lanosterol 14 alpha demethylase (ERG11) gene, complete cds","Candida krusei","GGTTGTTTGTTCATTTAATGTGTGTTTTTCATAACTTTTCATAAACTATAAGAAGACGGCAATTTTACCGTTTTCTTCTACATTGTACCCATTCCATCCAAAGGAGGTTTCCTGAACTGTATTCTCCTCTCTAGCAACAACAATGTCCGTCATCAAGGCAATTGCGGCCGATGTCCAGAGGTATGCTCTTCTCGCATACAGCCACTTTCAAACATTCTCCTTGCTGCAACAGACACTGTTGGTGATATCCATTCCTTTCTTATACTCTGCGCTTTGGCAACTCCTCTACTCGTTCCGTAAGGACAGAGTCCCAATGGTCCACTACTGGATTCCATGGGTCGGCTCCGCCGTTGTTTACGGAATGCAACCTTACGAGTTTTTTGAGAATTGTCGTAAACAACATGGTGATGTGTTTTCCTTTCTCTTGTTGGGCAAGGTCATGACTGTTTATCTTGGTCCAAAGGGCCATGAGTTTGTCCTCAATGCAAAGTTGAGTGATGTCTCCGCGGAAGATGCTTACACCCATCTCACCACTCCTGTTTTCGGTAAGGGCGTCATTTACGATTGTCCAAATTGGAAGTTGATGGAACAGAAGAAGTTTGCCAAAGTTGCCCTCACCAAGGAATCCTTTATTAGGTACGTCCCCCTCATCAAGGACGAGATGCTCAAGTATTTCAATGCCAACTTTAGGGGGGACTCGGGCAAAACCGATGTTTTGAAATCGCAGTCGGAAATGACGCTCTTTACCGCATCTCGTTCTCTCTTTGGTGACGCTCTACGTAATAGATTGGACGCTTCTTATGCTGAGATGTACAGCGACTTGGATAAGGGCTTTACCCCTCTGAATTTCGTCTTCTCCTATTTGCCATTGCCTAACTACTGGAAAAGAGATGCTGCACATAAGAACATCTCAAACACTTACTTGGATTTGATCAATACAAAGCGTGCCGGTGGTGAAATCAAAAATGAGGATTTGGTTGATGCATTGTTGAAAAATTCAGTTTACAAGGATGGTACTAGAATGACCGACGAGGAATTAGCCCACTTGATGATTGGTGTCTTAATGGGTGGTCAACATACTTCTTCTGCAACATCTGCTTGGTTCTTATTACACCTTGGTGAAAAACCTCAATTACAAGAAGAAATTTACAGAGAAATCCAATCGGTTTTAGGTGAAAATTTCGAAAGAGAACTCACTTATGATGACTTACAAAAACTCGATTTAGTCAACGCCACAATCAAAGAGACCCTAAGATTGCACATGCCATTACATTCCATTTTCAGGAAAGTCACTCGTGATTTACCCGTTCCAAACACTTCGTACATTGTTCCAAAGGGCCATTATGTTTTGATCTCACCAGGTTATACAATGTTAAGTGAAAGATACTTCCCTAATGCCAGCGAATTCCAACCTCATAGATGGGATGAAATCAAGTCCATTGATGGTGGTATCTCTTTGCCTGCTGAAGGTGAAAATGCAAAGGAAACTGTCGATTACGGTTTCGGTAAGATCTCTAAAGGTGTTGCATCCCCTTACTTACCTTTTGGTGGTGGTAGACATAGATGTATTGGTGAACCTTTTGCTTACACCCAATTAGGAACTCTTTTGGTCCACTACATCCAGAACTTTAAGTGGACAGCCAAGGTCCCTCCAATTGATTACACCTCTATGGTTACCTTACCAACACAGCCAGCGGAAATCAAGTGGGAGAGAAGACAAAAGAACTAGCTGCCATTCGGGAAATGGATTGTAATGATTGCACATCATTCAAACCATTGAAAAACAAAAATAGACAATAAAGAAAAAAAAAACTAGAGTACAAAATTAAAAAACTTTACTATAAAAACAGTGTTTTCCCTTTCTTTCCCCCTTC"
"MZ736407.1 Pichia kudriavzevii strain 2020-SD442 cytochrome P450 lanosterol 14 alpha demethylase (ERG11) gene, complete cds","Candida krusei","GGTTGTTTGTTCATTTAATGTGTGTTTTTCATAACTTTTCATAAACTATAAGAAGACGGCAATTTTACCGTTTTCTTCTACATTGTACCCATTCCATCCAAAGGAGGTTTCCTGAACTGTATTCTCCYCTCTAGCAACAACAATGTCCGTCATCAAGGCAATTGCGGCCGATGTCCAGAGGTATGCTCTTCTCGCATACAGCCACTTTCAAACATTCTCCTTGCTGCAACAGACACTGTTGGTGATATCCATTCCTTTCTTATACTCTGCGCTTTGGCAACTCCTCTACTCGTTCCGTAAGGACAGAGTCCCAATGGTCCACTACTGGATTCCATGGGTCGGCTCCGCCGTTGTTTACGGAATGCAACCTTACGAGTTTTTTGAGAATTGTCGTAAACAACATGGTGATGTGTTTTCCTTTCTCTTGTTGGGCAAGGTCATGACTGTTTATCTTGGTCCAAAGGGCCATGAGTTTGTCCTCAATGCAAAGTTGAGTGATGTCTCCGCGGAAGATGCTTACACCCATCTCACCACTCCTGTTTTCGGTAAGGGCGTCATTTACGATTGTCCAAATTGGAAGTTGATGGAACAGAAGAAGTTTGCCAAAGTTGCCCTCACCAAGGAATCCTTTATTAGGTACGTCCCCCTCATCAAGGACGAGATGCTCAAGTATTTCAATGCCAACTTTAGGGGGGACTCGGGCAAAACCGATGTTTTGAAATCGCAGTCGGAAATGACGCTCTTTACCGCATCTCGTTCTCTCTTTGGTGACGCTCTACGTAATAGATTGGACGCTTCTTATGCTGAGATGTACAGCGACTTGGATAAGGGCTTTACCCCTCTGAATTTCGTCTTCTCCTATTTGCCATTGCCTAACTACTGGAAAAGAGATGCTGCACATAAGAACATCTCAAACACTTACTTGGATTTGATCAATACAAAGCGTGCCGGTGGTGAAATCAAAAATGAGGATTTGGTTGATGCATTGTTGAAAAATTCAGTTTACAAGGATGGTACTAGAATGACCGACGAGGAATTAGCCCACTTGATGATTGGTGTCTTAATGGGTGGTCAACATACTTCTTCTGCAACATCTGCTTGGTTCTTATTACACCTTGGTGAAAAACCTCAATTACAAGAAGAAATTTACAGAGAAATCCAATCGGTTTTAGGTGAAAATTTCGAAAGAGAACTCACTTATGATGACTTACAAAAACTCGATTTAGTCAACGCCACAATCAAAGAGACCCTAAGATTGCACATGCCATTACATTCCATTTTCAGGAAAGTCACTCGTGATTTACCCGTTCCAAACACTTCGTACATTGTTCCAAAGGGCCATTATGTTTTGATCTCACCAGGTTATACAATGTTAAGTGAAAGATACTTCCCTAATGCCAGCGAATTCCAACCTCATAGATGGGATGAAATCAAGTCCATTGATGGTGGTATCTCTTTGCCTGCTGAAGGTGAAAATGCAAAGGAAACTGTCGATTACGGTTTCGGTAAGATCTCTAAAGGTGTTGCATCCCCTTACTTACCTTTTGGTGGTGGTAGACATAGATGTATTGGTGAACCTTTTGCTTACACCCAATTAGGAACTCTTTTGGTCCACTACATCCAGAACTTTAAGTGGACAGCCAAGGTCCCTCCAATTGATTACACCTCTATGGTTACCTTACCAACACAGCCAGCGGAAATCAAGTGGGAGAGAAGACAAAAGAACTAGCTGCCATTCGGGAAATGGATTGTAATGATTGCACATCATTCAAACCATTGAAAAACAAAAATAGACAATAAAGAAAAAAAAAACTAGAGTACAAAATTAAAAAACTTTACTATAAAAACAGTGTTTTCCCTTTCTTTCCCCCTTC"
"MZ736405.1 Pichia kudriavzevii strain 2020-SD202 cytochrome P450 lanosterol 14 alpha demethylase (ERG11) gene, complete cds","Candida krusei","GGTTGTTTGTTCATTTAATGTGTGTTTTTCATAACTTTTCATAAACTATAAGAAGACGGCAATTTTACCGTTTTCTTCTACATTGTACCCATTCCATCCAAAGGAGGTTTCCTGAACTGTATTCTCCYCTCTAGCAACAACAATGTCCGTCATCAAGGCAATTGCGGCCGATGTCCAGAGGTATGCTCTTCTCGCATACAGCCACTTTCAAACATTCTCCTTGCTGCAACAGACACTGTTGGTGATATCCATTCCTTTCTTATACTCTGCGCTTTGGCAACTCCTCTACTCGTTCCGTAAGGACAGAGTCCCAATGGTCCACTACTGGATTCCATGGGTCGGCTCCGCCGTTGTTTACGGAATGCAACCTTACGAGTTTTTTGAGAATTGTCGTAAACAACATGGTGATGTGTTTTCCTTTCTCTTGTTGGGCAAGGTCATGACTGTTTATCTTGGTCCAAAGGGCCATGAGTTTGTCCTCAATGCAAAGTTGAGTGATGTCTCCGCGGAAGATGCTTACACCCATCTCACCACTCCTGTTTTCGGTAAGGGCGTCATTTACGATTGTCCAAATTGGAAGTTGATGGAACAGAAGAAGTTTGCCAAAGTTGCCCTCACCAAGGAATCCTTTATTAGGTACGTCCCCCTCATCAAGGACGAGATGCTCAAGTATTTCAATGCCAACTTTAGGGGGGACTCGGGCAAAACCGATGTTTTGAAATCGCAGTCGGAAATGACGCTCTTTACCGCATCTCGTTCTCTCTTTGGTGACGCTCTACGTAATAGATTGGACGCTTCTTATGCTGAGATGTACAGCGACTTGGATAAGGGCTTTACCCCTCTGAATTTCGTCTTCTCCTATTTGCCATTGCCTAACTACTGGAAAAGAGATGCTGCACATAAGAACATCTCAAACACTTACTTGGATTTGATCAATACAAAGCGTGCCGGTGGTGAAATCAAAAATGAGGATTTGGTTGATGCATTGTTGAAAAATTCAGTTTACAAGGATGGTACTAGAATGACCGACGAGGAATTAGCCCACTTGATGATTGGTGTCTTAATGGGTGGTCAACATACTTCTTCTGCAACATCTGCTTGGTTCTTATTACACCTTGGTGAAAAACCTCAATTACAAGAAGAAATTTACAGAGAAATCCAATCGGTTTTAGGTGAAAATTTCGAAAGAGAACTCACTTATGATGACTTACAAAAACTCGATTTAGTCAACGCCACAATCAAAGAGACCCTAAGATTGCACATGCCATTACATTCCATTTTCAGGAAAGTCACTCGTGATTTACCCGTTCCAAACACTTCGTACATTGTTCCAAAGGGCCATTATGTTTTGATCTCACCAGGTTATACAATGTTAAGTGAAAGATACTTCCCTAATGCCAGCGAATTCCAACCTCATAGATGGGATGAAATCAAGTCCATTGATGGTGGTATCTCTTTGCCTGCTGAAGGTGAAAATGCAAAGGAAACTGTCGATTACGGTTTCGGTAAGATCTCTAAAGGTGTTGCATCCCCTTACTTACCTTTTGGTGGTGGTAGACATAGATGTATTGGTGAACCTTTTGCTTACACCCAATTAGGAACTCTTTTGGTCCACTACATCCAGAACTTTAAGTGGACAGCCAAGGTCCCTCCAATTGATTACACCTCTATGGTTACCTTACCAACACAGCCAGCGGAAATCAAGTGGGAGAGAAGACAAAAGAACTAGCTGCCATTCGGGAAATGGATTGTAATGATTGCACATCATTCAAACCATTGAAAAACAAAAATAGACAATAAAGAAAAAAAAAACTAGAGTACAAAATTAAAAAACTTTACTATAAAAACAGTGTTTTCCCTTTCTTTCCCCCTTC"
"MZ736409.1 Pichia kudriavzevii strain 2020-SD578 cytochrome P450 lanosterol 14 alpha demethylase (ERG11) gene, complete cds","Candida krusei","GGTTGTTTGTTCATTTAATGTGTGTTTTTCATAACTTTTCATAAACTATAAGAAGACGGCAATTTTACCGTTTTCTTCTACATTGTACCCATTCCATCCAAAGGAGGTTTCCTGAACTGTATTCTCCTCTCTAGCAACAACAATGTCCGTCATCAAGGCAATTGCGGCCGATGTCCAGAGGTATGYTCTTCTCGCATACAGCCACTTTCAAACATTCTCCTTGCTGCAACAGACACTGTTGGTGATATCCATTCCTTTCTTATACTCTGCGCTTTGGCAACTCCTCTACTCGTTCCGTAAGGACAGAGTCCCAATGGTCCACTACTGGATTCCATGGGTCGGCTCCGCCGTTGTTTACGGAATGCAACCTTACGAGTTTTTTGAGAATTGTCGTAAACAACATGGTGATGTGTTTTCCTTTCTCTTGTTGGGCAAGGTCATGACTGTTTATCTTGGTCCAAAGGGCCATGAGTTTGTCCTCAATGCAAAGTTGAGTGATGTCTCCGCGGAAGATGCTTACACCCATCTCACCACTCCTGTTTTCGGTAAGGGCGTCATTTACGATTGTCCAAATTGGAAGTTGATGGAACAGAAGAAGTTTGCCAAAGTTGCCCTCACCAAGGAATCCTTTATTAGGTACGTCCCCCTCATCAAGGACGAGATGCTCAAGTATTTCAATGCCAACTTTAGGGGGGACTCGGGCAAAACCGATGTTTTGAAATCGCAGTCGGAAATGACGCTCTTTACCGCATCTCGTTCTCTCTTTGGTGACGCTCTACGTAAYAGATTGGACGCTTCTTATGCTGAGATGTACAGCGACTTGGATAAGGGCTTTACCCCTCTGAATTTCGTCTTCTCCTATTTGCCATTGCCTAACTACTGGAAAAGAGATGCTGCACATAAGAACATCTCAAACACTTACTTGGATTTGATCAATACAAAGCGTGCCGGTGGTGAAATCAAAAATGAGGATTTGGTTGATGCATTGTTGAAAAATTCAGTTTACAAGGATGGTACTAGAATGACCGACGAGGAATTAGCCCACTTGATGATTGGTGTCTTAATGGGTGGTCAACATACTTCTTCTGCAACATCTGCTTGGTTCTTATTACACCTTGGTGAAAAACCTCAATTACAAGAAGAAATTTACAGAGAAATCCAATCGGTTTTAGGTGAAAATTTCGAAAGAGAACTCACTTATGATGACTTACAAAAACTCGATTTAGTCAACGCCACAATCAAAGAGACCCTAAGATTGCACATGCCATTACATTCCATTTTCAGGAAAGTCACTCGTGATTTACCCGTTCCAAACACTTCGTACATTGTTCCAAAGGGCCATTATGTTTTGATCTCACCAGGTTATACAATGTTAAGTGAAAGATACTTCCCTAATGCCAGCGAATTCCAACCTCATAGATGGGATGAAATCAAGTCCATTGATGGTGGTATCTCTTTGCCTGCTGAAGGTGAAAATGCAAAGGAAACTGTCGATTACGGTTTCGGTAAGATCTCTAAAGGTGTTGCATCCCCTTACTTACCTTTTGGTGGTGGTAGACATAGATGTATTGGTGAACCTTTTGCTTACACCCAATTAGGAACTCTTTTGGTCCACTACATCCAGAACTTTAAGTGGACAGCCAAGGTCCCTCCAATTGATTACACCTCTATGGTTACCTTACCAACACAGCCAGCGGAAATCAAGTGGGAGAGAAGACAAAAGAACTAGCTGCCATTCGGGAAATGGATTGTAATGATTGCACATCATTCAAACCATTGAAAAACAAAAATAGACAATAAAGAAAAAAAAAACTAGAGTACAAAATTAAAAAACTTTACTATAAAAACAGTGTTTTCCCTTTCTTTCCCCCTTC"
"MZ736406.1 Pichia kudriavzevii strain 2020-SD335 cytochrome P450 lanosterol 14 alpha demethylase (ERG11) gene, complete cds","Candida krusei","GGTTGTTTGTTCATTTAATGTGTGTTTTTCATAACTTTTCATAAACTATAAGAAGACGGCAATTTTACCGTTTTCTTCTACATTGTACCCATTCCATCCAAAGGAGGTTTCCTGAACTGTATTCTCCTCTCTAGCAACAACAATGTCCGTCATCAAGGCAATTGCGGCCGATGTCCAGAGGTATGCTCTTCTCGCATACAGCCACTTTCAAACATTCTCCTTGCTGCAACAGACACTGTTGGTGATATCCATTCCTTTCTTATACTCTGCGCTTTGGCAACTCCTCTACTCGTTCCGTAAGGACAGAGTCCCAATGGTCCACTACTGGATTCCATGGGTCGGCTCCGCCGTTGTTTACGGAATGCAACCTTACGAGTTTTTTGAGAATTGTCGTAAACAACATGGTGATGTGTTTTCCTTTCTCTTGTTGGGCAAGGTCATGACTGTTTATCTTGGTCCAAAGGGCCATGAGTTTGTCCTCAATGCAAAGTTGAGTGATGTCTCCGCGGAAGATGCTTACACCCATCTCACCACTCCTGTTTTCGGTAAGGGCGTCATTTACGATTGTCCAAATTGGAAGTTGATGGAACAGAAGAAGTTTGCCAAAGTTGCCCTCACCAAGGAATCCTTTATTAGGTACGTCCCCCTCATCAAGGACGAGATGCTCAAGTATTTCAATGCCAACTTTAGGGGGGACTCGGGCAAAACCGATGTTTTGAAATCGCAGTCGGAAATGACGCTCTTTACCGCATCTCGTTCTCTCTTTGGTGACGCTCTACGTAATAGATTGGACGCTTCTTATGCTGAGATGTACAGCGACTTGGATAAGGGCTTTACCCCTCTGAATTTCGTCTTCTCCTATTTGCCATTGCCTAACTACTGGAAAAGAGATGCTGCACATAAGAACATCTCAAACACTTACTTGGATTTGATCAATACAAAGCGTGCCGGTGGTGAAATCAAAAATGAGGATTTGGTTGATGCATTGTTGAAAAATTCAGTTTACAAGGATGGTACTAGAATGACCGACGAGGAATTAGCCCACTTGATGATTGGTGTCTTAATGGGTGGTCAACATACTTCTTCTGCAACATCTGCTTGGTTCTTATTACACCTTGGTGAAAAACCTCAATTACAAGAAGAAATTTACAGAGAAATCCAATCGGTTTTAGGTGAAAATTTCGAAAGAGAACTCACTTATGATGACTTACAAAAACTCGATTTAGTCAACGCCACAATCAAAGAGACCCTAAGATTGCACATGCCATTACATTCCATTTTCAGGAAAGTCACTCGTGATTTACCCGTTCCAAACACTTCGTACATTGTTCCAAAGGGCCATTATGTTTTGATCTCACCAGGTTATACAATGTTAAGTGAAAGATACTTCCCTAATGCCAGCGAATTCCAACCTCATAGATGGGATGAAATCAAGTCCATTGATGGTGGTATCTCTTTGCCTGCTGAAGGTGAAAATGCAAAGGAAACTGTCGATTACGGTTTCGGTAAGATCTCTAAAGGTGTTGCATCCCCTTACTTACCTTTTGGTGGTGGTAGACATAGATGTATTGGTGAACCTTTTGCTTACACCCAATTAGGAACTCTTTTGGTCCACTACATCCAGAACTTTAAGTGGACAGCCAAGGTCCCTCCAATTGATTACACCTCTATGGTTACCTTACCAACACAGCCAGCGGAAATCAAGTGGGAGAGAAGACAAAAGAACTAGCTGCCATTCGGGAAATGGATTGTAATGATTGCACATCATTCAAACCATTGAAAAACAAAAATAGACAATAAAGAAAAAAAAAACTAGAGTACAAAATTAAAAAACTTTACTATAAAAACAGTGTTTTCCCTTTCTTTCCCCCTTC"
"PP845213.1 Candida parapsilosis isolate AMH 9 cytochrome P450 lanosterol 14a-demethylase (ERG11) gene, complete cds","Candida parapsilosis","ATGGCATTAGTTGATTTAGCCCTTCATGGGTACAACTACTTTATGACTCTTAGTACCCTTCAACAATTTGGTTTACTTGTGTTTGCTCCTTTCATTTACAACATCATTTGGCAACTACTTTATTCACTCAGAAAAGATCGTGTTCCATTAGTATTTTATTGGATTCCCTGGGTTGGTTCAGCCGTATCTTATGGACAGGATCCATATGGGTTTTTTGAACAATGTCGTGAAAAATATGGTGATTTATTTTCATTTGTTATGTTGGGTAGAGTAATGACGGTGTACTTGGGTCCCAAGGGTCATGAATTTGTGTTTAATGCTAAATTGTCTGATGTTTCTGCTGAAGACGCCTATCAACATTTGACTACCCCTGTTTTTGGAAAAGGTGTTATTTTCGATTGTCCGAATGCAAGACTTATGGAGCAAAAGAAGTTCGCAAAGACCGCATTGACTACCGATTCTTTTAGAAGATACGTGCCATTGATTAGAGGGGAAATTTTGGATTATTTTACCAAATCTAAGGTGTTCAATATGAAGAAACAGAAAAGTGGCGTTGTTGATGTATTGCAATCACAACCAGAAATAACCATCTTCACTGCATCTAGATCCTTATTAGGAGAAGCAATGAGGAAAAGATTTGATGCTTCATTTGCTCAATTGTATGCTGATTTAGATAAAGGATTCACCCCAATCAATTTTGTTTTCCCACACTTGCCATTACCTCATTATTGGAAACGTGATGCTGCGCAACAAAAGATTTCTGAAACGTATATGACAGAGATTGCTAGAAGAAGAGAGACGGGTGACATTGATGAAAATCGTGATTTAATCGATTCTTTATTGGTAAACTCTACATACAAAGATGGTGTTAAAATGACTGATCAGGAAATTGCTAACTTGTTGATTGGTGTTTTGATGGGAGGACAGCATACTAGTGCCACTACATCTGCTTGGTTTTTGTTGCATTTGGCTGAGAAGCCACAATTACAAGATGAATTGTATCAAGAGGTTCTTAATGCCTTATCTGGTAAAGGTGGCAACTTGGATGATTTATCGTATGAGGATTTGCAACAAATGCCATTGGTTAACAACACCATCAAGGAAACCCTCAGATTACACATGCCATTACATTCCATATTCAGAAAAGTTGTTTCTCCCTTGGTTGTGCCAAACACAAAGTATATTGTCCCTAGAGGACACCACGTATTGGTGTCACCAGGTTATGCTCATACAAACGAAAGATTTTACAAGGACGCATCTGATTTCAACCCTCACAGATGGGATGAATCAGCATCCACCAATGACGCAGGTGAAGTTGATTATGGATTTGGTAAAGTTTCCAAAGGTGTTAGCTCTTCGTATTTGCCATTTGGTGGTGGAAGACATAGATGTATTGGTGAACAGTTTGCCTATGTCCAATTGGGAACAATCTTGACCACATTTGTTTATAATCTTAAATGGAAATTGGCAAATGGTAAAGTGCCTGATGTTGATTATACTTCAATGGTTACGTTACCTCAACACCCAGCAGAAATTGTTTGGGAAAAAAGAGATACATGTGTAATCTGA"
"PQ727543.1 Candida parapsilosis isolate Cp622 sterol 14-alpha demethylase (ERG11) gene, complete cds","Candida parapsilosis","ATGGCATTAGTTGATTTAGCCCTTCATGGGTACAACTACTTTATGACTCTTAGTACCCTTCAACAATTTGGTTTACTTGTGTTTGCTCCTTTCATTTACAACATCATTTGGCAACTACTTTATTCACTCAGAAAAGATCGTGTTCCATTAGTATTTTATTGGATTCCCTGGGTTGGTTCAGCCGTATCTTATGGACAGGATCCATATGGGTTTTTTGAACAATGTCGTGAAAAATATGGTGATTTATTTTCATTTGTTATGTTGGGTAGAGTAATGACGGTGTACTTGGGTCCCAAGGGTCATGAATTTGTGTTTAATGCTAAATTGTCTGATGTTTCTGCTGAAGACGCCTATCAACATTTGACTACCCCTGTTTTTGGAAAAGGTGTTATTTACGATTGTCCGAATGCAAGACTTATGGAGCAAAAGAAGTTCGCAAAGACCGCATTGACTACCGATTCTTTTAGAAGATACGTGCCATTGATTAGAGGGGAAATTTTGGATTATTTTACCAAATCTAAGGTGTTCAATATGAAGAAACAGAAAAGTGGCGTTGTTGATGTATTGCAATCACAACCAGAAATAACCATCTTCACTGCATCTAGATCCTTATTAGGAGAAGCAATGAGGAAAAGATTTGATGCTTCATTTGCTCAATTGTATGCTGATTTAGATAAAGGATTCACCCCAATCAATTTTGTTTTCCCACACTTGCCATTACCTCATTATTGGAAACGTGATGCTGCGCAACAAAAGATTTCTGAAACGTATATGACAGAGATTGCTAGAAGAAGAGAGACGGGTGACATTGATGAAAATCGTGATTTAATCGATTCTTTATTGGTAAACTCTACATACAAAGATGGTGTTAAAATGACTGATCAGGAAATTGCTAACTTGTTGATTGGTGTTTTGATGGGAGGACAGCATACTAGTGCCACTACATCTGCTTGGTTTTTGTTGCATTTGGCTGAGAAGCCACAATTACAAGATGAATTGTATCAAGAGGTTCTTAATGCCTTATCTGGTAAAGGTGGCAACTTGGATGATTTATCGTATGAGGATTTGCAACAAATGCCATTGGTTAACAACACCATCAAGGAAACCCTCAGATTACACATGCCATTACATTCCATATTCAGAAAAGTTGTTTCTCCCTTGGTTGTGCCAAACACAAAGTATATTGTCCCTAGAGGACACCACGTATTGGTGTCACCAGGTTATGCTCATACAAACGAAAGATTTTACAAGGACGCATCTGATTTCAACCCTCACAGATGGGATGAATCAGCATCCACCAATGACGCAGGTGAAGTTGATTATGGATTTGGTAAAGTTTCCAAAGGTGTTAGCTCTTCGTATTTGCCATTTGGTGGTGGAAGACATAGATGTATTGGTGAACAGTTTGCCTATGTCCAATTGGGAACAATCTTGACCACATTTGTTTATAATCTTAAATGGAAATTGGCAAATGGTAAAGTGCCTGATGTTGATTATACTTCAATGGTTACGTTACCTCAACACCCAGCAGAAATTGTTTGGGAAAAAAGAGATACATGTGTAATCTGA"
"PQ727540.1 Candida parapsilosis isolate Cp607 sterol 14-alpha demethylase (ERG11) gene, complete cds","Candida parapsilosis","ATGGCATTAGTTGATTTAGCCCTTCATGGGTACAACTACTTTATGACTCTTAGTACCCTTCAACAATTTGGTTTACTTGTGTTTGCTCCTTTCATTTACAACATCATTTGGCAACTACTTTATTCACTCAGAAAAGATCGTGTTCCATTAGTATTTTATTGGATTCCCTGGGTTGGTTCAGCCGTATCTTATGGACAGGATCCATATGGGTTTTTTGAACAATGTCGTGAAAAATATGGTGATTTATTTTCATTTGTTATGTTGGGTAGAGTAATGACGGTGTACTTGGGTCCCAAGGGTCATGAATTTGTGTTTAATGCTAAATTGTCTGATGTTTCTGCTGAAGACGCCTATCAACATTTGACTACCCCTGTTTTTGGAAAAGGTGTTATTTACGATTGTCCGAATGCAAGACTTATGGAGCAAAAGAAGTTCGCAAAGACCGCATTGACTACCGATTCTTTTAGAAGATACGTGCCATTGATTAGAGGGGAAATTTTGGATTATTTTACCAAATCTAAGGTGTTCAATATGAAGAAACAGAAAAGTGGCGTTGTTGATGTATTGCAATCACAACCAGAAATAACCATCTTCACTGCATCTAGATCCTTATTAGGAGAAGCAATGAGGAAAAGATTTGATGCTTCATTTGCTCAATTGTATGCTGATTTAGATAAAGGATTCACCCCAATCAATTTTGTTTTCCCACACTTGCCATTACCTCATTATTGGAAACGTGATGCTGCGCAACAAAAGATTTCTGAAACGTATATGACAGAGATTGCTAGAAGAAGAGAGACGGGTGACATTGATGAAAATCGTGATTTAATCGATTCTTTATTGGTAAACTCTACATACAAAGATGGTGTTAAAATGACTGATCAGGAAATTGCTAACTTGTTGATTGGTGTTTTGATGGGAGGACAGCATACTAGTGCCACTACATCTGCTTGGTTTTTGTTGCATTTGGCTGAGAAGCCACAATTACAAGATGAATTGTATCAAGAGGTTCTTAATGCCTTATCTGGTAAAGGTGGCAACTTGGATGATTTATCGTATGAGGATTTGCAACAAATGCCATTGGTTAACAACACCATCAAGGAAACCCTCAGATTACACATGCCATTACATTCCATATTCAGAAAAGTTGTTTCTCCCTTGGTTGTGCCAAACACAAAGTATATTGTCCCTAGAGGACACCACGTATTGGTGTCACCAGGTTATGCTCATACAAACGAAAGATTTTACAAGGACGCATCTGATTTCAACCCTCACAGATGGGATGAATCAGCATCCACCAATGACGCAGGTGAAGTTGATTATGGATTTGGTAAAGTTTCCAAAGGTGTTAGCTCTTCGTATTTGCCATTTGGTGGTGGAAGACATAGATGTATTGGTGAACAGTTTGCCTATGTCCAATTGGGAACAATCTTGACCACATTTGTTTATAATCTTAAATGGAAATTGGCAAATGGTAAAGTGCCTGATGTTGATTATACTTCAATGGTTACGTTACCTCAACACCCAGCAGAAATTGTTTGGGAAAAAAGAGATACATGTGTAATCTGA"
"PQ727578.1 Candida parapsilosis isolate Cp2491 sterol 14-alpha demethylase (ERG11) gene, complete cds","Candida parapsilosis","ATGGCATTAGTTGATTTAGCCCTTCATGGGTACAACTACTTTATGACTCTTAGTACCCTTCAACAATTTGGTTTACTTGTGTTTGCTCCTTTCATTTACAACATCATTTGGCAACTACTTTATTCACTCAGAAAAGATCGTGTTCCATTAGTATTTTATTGGATTCCCTGGGTTGGTTCAGCCGTATCTTATGGACAGGATCCATATGGGTTTTTTGAACAATGTCGTGAAAAATATGGTGATTTATTTTCATTTGTTATGTTGGGTAGAGTAATGACGGTGTACTTGGGTCCCAAGGGTCATGAATTTGTGTTTAATGCTAAATTGTCTGATGTTTCTGCTGAAGACGCCTATCAACATTTGACTACCCCTGTTTTTGGAAAAGGTGTTATTTACGATTGTCCGAATGCAAGACTTATGGAGCAAAAGAAGTTCGCAAAGACCGCATTGACTACCGATTCTTTTAGAAGATACGTGCCATTGATTAGAGGGGAAATTTTGGATTATTTTACCAAATCTAAGGTGTTCAATATGAAGAAACAGAAAAGTGGCGTTGTTGATGTATTGCAATCACAACCAGAAATAACCATCTTCACTGCATCTAGATCCTTATTAGGAGAAGCAATGAGGAAAAGATTTGATGCTTCATTTGCTCAATTGTATGCTGATTTAGATAAAGGATTCACCCCAATCAATTTTGTTTTCCCACACTTGCCATTACCTCATTATTGGAAACGTGATGCTGCGCAACAAAAGATTTCTGAAACGTATATGACAGAGATTGCTAGAAGAAGAGAGACGGGTGACATTGATGAAAATCGTGATTTAATCGATTCTTTATTGGTAAACTCTACATACAAAGATGGTGTTAAAATGACTGATCAGGAAATTGCTAACTTGTTGATTGGTGTTTTGATGGGAGGACAGCATACTAGTGCCACTACATCTGCTTGGTTTTTGTTGCATTTGGCTGAGAAGCCACAATTACAAGATGAATTGTATCAAGAGGTTCTTAATGCCTTATCTGGTAAAGGTGGCAACTTGGATGATTTATCGTATGAGGATTTGCAACAAATGCCATTGGTTAACAACACCATCAAGGAAACCCTCAGATTACACATGCCATTACATTCCATATTCAGAAAAGTTGTTTCTCCCTTGGTTGTGCCAAACACAAAGTATATTGTCCCTAGAGGACACCACGTATTGGTGTCACCAGGTTATGCTCATACAAACGAAAGATTTTACAAGGACGCATCTGATTTCAACCCTCACAGATGGGATGAATCAGCATCCACCAATGACGCAGGTGAAGTTGATTATGGATTTGGTAAAGTTTCCAAAGGTGTTAGCTCTTCGTATTTGCCATTTGGTGGTGGAAGACATAGATGTATTGGTGAACAGTTTGCCTATGTCCAATTGGGAACAATCTTGACCACATTTGTTTATAATCTTAAATGGAAATTGGCAAATGGTAAAGTGCCTGATGTTGATTATACTTCAATGGTTACGTTACCTCAACACCCAGCAGAAATTGTTTGGGAAAAAAGAGATACATGTGTAATCTGA"
"OL415523.1 Candida parapsilosis isolate 50-02/20 cytochrome P450 lanosterol 14a-demethylase (ERG11) gene, complete cds","Candida parapsilosis","ATGGCATTAGTTGATTTAGCCCTTCATGGGTACAACTACTTTATGACTCTTAGTACCCTTCAACAATTTGGTTTACTTGTGTTTGCTCCTTTCATTTACAACATCATTTGGCAACTACTTTATTCACTCAGAAAAGATCGTGTTCCATTAGTATTTTATTGGATTCCCTGGGTTGGTTCAGCCGTATCTTATGGACAGGATCCATATGGGTTTTTTGAACAATGTCGTGAAAAATATGGTGATTTATTTTCATTTGTTATGTTGGGTAGAGTAATGACGGTGTACTTGGGTCCCAAGGGTCATGAATTTGTGTTTAATGCTAAATTGTCTGATGTTTCTGCTGAAGACGCCTATCAACATTTGACTACCCCTGTTTTTGGAAAAGGTGTTATTTTCGATTGTCCGAATGCAAGACTTATGGAGCAAAAGAAGTTCGCAAAGACCGCATTGACTACCGATTCTTTTAGAAGATACGTGCCATTGATTAGAGGGGAAATTTTGGATTATTTTACCAAATCTAAGGTGTTCAATATGAAGAAACAGAAAAGTGGCGTTGTTGATGTATTGCAATCACAACCAGAAATAACCATCTTCACTGCATCTAGATCCTTATTAGGAGAAGCAATGAGGAAAAGATTTGATGCTTCATTTGCTCAATTGTATGCTGATTTAGATAAAGGATTCACCCCAATCAATTTTGTTTTCCCACACTTGCCATTACCTCATTATTGGAAACGTGATGCTGCGCAACAAAAGATTTCTGAAACGTATATGACAGAGATTGCTAGAAGAAGAGAGACGGGTGACATTGATGAAAATCGTGATTTAATCGATTCTTTATTGGTAAACTCTACATACAAAGATGGTGTTAAAATGACTGATCAGGAAATTGCTAACTTGTTGATTGGTGTTTTGATGGGAGGACAGCATACTAGTGCCACTACATCTGCTTGGTTTTTGTTGCATTTGGCTGAGAAGCCACAATTACAAGATGAATTGTATCAAGAGGTTCTTAATGCCTTATCTGGTAAAGGTGGCAACTTGGATGATTTATCGTATGAGGATTTGCAACAAATGCCATTGGTTAACAACACCATCAAGGAAACCCTCAGATTACACATGCCATTACATTCCATATTCAGAAAAGTTGTTTCTCCCTTGGTTGTGCCAAACACAAAGTATATTGTCCCTATAGGACACCACGTATTGGTGTCACCAGGTTATGCTCATACAAACGAAAGATTTTACAAGGACGCATCTGATTTCAACCCTCACAGATGGGATGAATCAGCATCCACCAATGACGCAGGTGAAGTTGATTATGGATTTGGTAAAGTTTCCAAAGGTGTTAGCTCTTCGTATTTGCCATTTGGTGGTGGAAGACATAGATGTATTGGTGAACAGTTTGCCTATGTCCAATTGGGAACAATCTTGACCACATTTGTTTATAATCTTAAATGGAAATTGGCAAATGGTAAAGTGCCTGATGTTGATTATACTTCAATGGTTACGTTACCTCAACACCCAGCAGAAATTGTTTGGGAAAAAAGAGATACATGTGTAATCTGA"
"OP125571.1 Candida tropicalis isolate EC18931 cytochrome P450 lanosterol 14a-demethylase (ERG11) gene, complete cds","Candida tropicalis","ATGGCTATTGTTGATACTGCCATTGATGGCATCAATTATTTCTTATCCTTATCATTAACTCAACAAATCACCATCTTGGTTGTTTTCCCATTCATCTACAACATAGCATGGCAATTACTTTACTCCTTAAGAAAAGATAGAGTTCCAATGGTTTTCTACTGGATCCCATGGTTTGGTTCTGCTGCTAGTTATGGTATGCAACCATACGAATTCTTTGAAAAGTGCAGATTGAAATATGGTGATGTTTTTTCATTTATGTTATTAGGTAAAGTTATGACTGTTTATTTGGGTCCAAAAGGTCACGAATTCATTTACAATGCTAAATTATCCGATGTTTCTGCTGAAGAAGCTTATACCCATTTGACTACTCCTGTTTTTGGTAAAGGTGTTATTTATGATTGTCCAAACTCTAGATTAATGGAACAAAAGAAGTTTGCTAAATTTGCTTTGACTACTGATTCTTTCAAAACCTATGTTCCAAAGATCAGAGAAGAAGTTTTGAATTATTTTGTTAACGATGTTAGTTTCAAAACCAAGGAAAGAGACCATGGTGTTGCTAGTGTTATGAAAACTCAACCAGAAATCACTATTTTCACTGCTTCTCGTTGTTTATTTGGTGATGAAATGAGAAAGAGTTTCGACAGATCATTTGCTCAATTGTATGCTGACTTGGATAAAGGTTTCACCCCAATCAACTTTGTTTTCCCAAACTTGCCATTACCTCATTACTGGAGACGTGACGCTGCTCAAAGAAAGATATCTGCTCATTACATGAAGGAAATTAAGAGAAGAAGAGAAAGCGGTGATATTGATCCAAAGAGAGATTTGATTGATTCCTTGTTGGTTAACTCTACTTATAAAGATGGTGTTAAAATGACTGATCAAGAAATTGCTAACCTTTTAATTGGTGTTTTGATGGGTGGTCAACATACTTCTGCTTCCACTTCTGCCTGGTTCTTGTTGCATTTGGCTGAACAACCACAATTACAAGATGATCTTTACGAAGAATTGACCAACTTGTTGAAAGAAAAGGGTGGTGACTTGAACGATTTGACTTACGAAGACTTGCAAAAATTACCATTGGTTAACAACACTATTAAAGAAACTTTGAGAATGCACATGCCATTGCATTCTATTTTCAGAAAAGTTATGAACCCATTGAGAGTCCCAAATACCAAATATGTTATTCCAAAAGGTCACTATGTCTTAGTTTCTGCCGGTTATGCTCATACCAGTGATAGATGGTTTGAACACCCAGAACATTTCAACCCAAGAAGATGGGAATCTGATGATACCAAGGCTAGTGCTGTTTCTTTCAATTCTGAAGATACTGTTGATTATGGTTTCGGTAAAATTTCCAAAGGTGTCTCCTCTCCATACTTGCCATTCGGTGGTGGTAGACACAGATGTATTGGTGAACAATTTGCTTATGTTCAATTGGGAACTATTTTGACCACTTATATCTACAACTTCAAATGGAGATTAAACGGTGATAAGGTTCCAGATGTTGATTACCAATCCATGGTTACCTTACCATTAGAACCTGCTGAAATCGTTTGGGAAAAGAGAGATACTTGTATGGTTTAG"
"OR412824.1 Candida tropicalis strain 3 lanosterol 14-alpha-demethylase (ERG11) gene, complete cds","Candida tropicalis","CTATTCTTTTGTCACACAGTAATGGCTATTGTTGATACTGCCATTGATGGCATCAATTATTTCTTATCCTTATCATTAACTCAACAAATCACCATCTTGGTTGTTTTCCCATTCATCTACAACATAGCATGGCAATTACTTTACTCCTTAAGAAAAGATAGAGTTCCAATGGTTTTCTACTGGATCCCATGGTTTGGTTCTGCTGCTAGTTATGGTATGCAACCATACGAATTCTTTGAAAAGTGTAGATTGAAATATGGTGATGTTTTTTCATTTATGTTATTGGGTAAAGTTATGACTGTTTATTTGGGTCCAAAAGGTCACGAATTCATTTACAATGCTAAATTATCCGATGTTTCTGCTGAAGAAGCTTATACCCATTTGACTACTCCTGTTTTTGGTAAAGGTGTTATTTATGATTGTCCAAACTCTAGATTAATGGAACAAAAGAAGTTTGCTAAATTTGCTTTGACTACTGATTCTTTCAAAACCTATGTTCCAAAGATCAGAGAAGAAGTTTTGAATTATTTTGTTAACGATGTTAGTTTCAAAACCAAGGAAAGAGACCATGGTGTTGCTAGTGTTATGAAAACTCAACCAGAAATCACTATTTTCACTGCTTCTCGTTGTTTATTTGGTGATGAAATGAGAAAGAGTTTCGACAGATCATTTGCTCAATTGTATGCTGACTTGGATAAAGGTTTCACCCCAATCAACTTTGTTTTCCCAAACTTGCCATTACCTCATTACTGGAGACGTGACGCTGCTCAAAGAAAGATATCTGCTCATTACATGAAGGAAATTAAGAGAAGAAGAGAAAGCGGTGATATTGATCCAAAGAGAGATTTGATTGATTCCTTGTTGGTTAACTCTACTTATAAAGATGGTGTTAAAATGACTGATCAAGAAATTGCTAACCTTTTAATTGGTGTTTTGATGGGTGGTCAACATACTTCTGCTTCCACTTCTGCCTGGTTCTTGTTGCATTTGGCTGAACAACCACAATTACAAGATGATCTTTACGAAGAATTGACCAACTTGTTGAAAGAAAAGGGTGGTGACTTGAACGATTTGACTTACGAAGACTTGCAAAAATTACCATTGGTTAACAACACTATTAAAGAAACTTTGAGAATGCACATGCCATTGCATTCTATTTTCAGAAAAGTTATGAACCCATTGAGAGTCCCAAATACCAAATATGTTATTCCAAAAGGTCACTATGTCTTAGTTTCTGCCGGTTATGCTCATACCAGTGATAGATGGTTTGAACACCCAGAACATTTCAACCCAAGAAGATGGGAATCTGATGATACCAAGGCTAGTGCTGTTTCTTTCAATTCTGAAGATACTGTTGATTATGGTTTCGGTAAAATTTCCAAAGGTGTCTCCTCTCCATACTTGCCATTCAGTGGTGGTAGACACAGATGTATTGGTGAACAATTTGCTTATGTTCAATTGGGAACTATTTTGACCACTTATATCTACAACTTCAAATGGAGATTAAACGGTGATAAGGTTCCAGATGTTGATTACCAATCCATGGTTACCTTACCATTAGAACCTGCTGAAATCGTTTGGGAAAAGAGAGATACTTGTATGGTTTAGAACACCATGGAGTAGCTAGAAAAATCCCATTATTATTTTTTTTATACATATTTATGCCTTTAATACAGTATACATTTTTTTAACATATGGA"
"OP985490.1 Candida tropicalis isolate RCPF-1668 lanosterol 14-demethylase (ERG11) gene, complete cds","Candida tropicalis","ATGGCTATTGTTGATACTGCCATTGATGGCATCAATTATTTCTTATCCTTATCATTAACTCAACAAATCACCATCTTGGTTGTTTTCCCATTCATCTACAACATAGCATGGCAATTACTTTACTCCTTAAGAAAAGATAGAGTTCCAATGGTTTTCTACTGGATCCCATGGTTTGGTTCTGCTGCTAGTTATGGTATGCAACCATACGAATTCTTTGAAAAGTGTAGATTGAAATATGGTGATGTTTTTTCATTTATGTTATTGGGTAAAGTTATGACTGTTTATTTGGGTCCAAAAGGTCACGAATTCATTTACAATGCTAAATTATCCGATGTTTCTGCTGAAGAAGCTTATACCCATTTGACTACTCCTGTTTTTGGTAAAGGTGTTATTTATGATTGTCCAAACTCTAGATTAATGGAACAAAAGAAGTTTGCTAAATTTGCTTTGACTACTGATTCTTTCAAAACCTATGTTCCAAAGATCAGAGAAGAAGTTTTGAATTATTTTGTTAACGATGTTAGTTTCAAAACCAAGGAAAGAGACCATGGTGTTGCTAGTGTTATGAAAACTCAACCAGAAATCACTATTTTCACTGCTTCTCGTTGTTTATTTGGTGATGAAATGAGAAAGAGTTTCGACAGATCATTTGCTCAATTGTATGCTGACTTGGATAAAGGTTTCACCCCAATCAACTTTGTTTTCCCAAACTTGCCATTACCTCATTACTGGAGACGTGACGCTGCTCAAAGAAAGATATCTGCTCATTACATGAAGGAAATTAAGAGAAGAAGAGAAAGCGGTGATATTGATCCAAAGAGAGATTTGATTGATTCCTTGTTGGTTAACTCTACTTATAAAGATGGTGTTAAAATGACTGATCAAGAAATTGCTAACCTTTTAATTGGTGTTTTGATGGGTGGTCAACATACTTCTGCTTCCACTTCTGCCTGGTTCTTGTTGCATTTGGCTGAACAACCACAATTACAAGATGATCTTTACGAAGAATTGACCAACTTGTTGAAAGAAAAGGGTGGTGACTTGAACGATTTGACTTACGAAGACTTGCAAAAATTACCATTGGTTAACAACACTATTAAAGAAACTTTGAGAATGCACATGCCATTGCATTCTATTTTCAGAAAAGTTATGAACCCATTGAGAGTCCCAAATACCAAATATGTTATTCCAAAAGGTCACTATGTCTTAGTTTCTGCCGGTTATGCTCATACCAGTGATAGATGGTTTGAACACCCAGAACATTTCAACCCAAGAAGATGGGAATCTGATGATACCAAGGCTAGTGCTGTTTCTTTCAATTCTGAAGATACTGTTGATTATGGTTTCGGTAAAATTTCCAAGGGTGTCTCCTCTCCATACTTGCCATTCGGTGGTGGTAGACACAGATGTATTGGTGAACAATTTGCTTATGTTCAATTGGGAACTATTTTGACCACTTATATCTACAACTTCAAATGGAGATTAAACGGTGATAAGGTTCCAGATGTTGATTACCAATCCATGGTTACCTTACCATTAGAACCTGCTGAAATCGTTTGGGAAAAGAGAGATACTTGTATGGTTTAG"
"OR412826.1 Candida tropicalis strain 1 lanosterol 14-alpha-demethylase (ERG11) gene, complete cds","Candida tropicalis","CGAACAATTCTCACCAGTAATGGCTATTGTTGATACTGCCATTGATGGCATCAATTATTTCTTATCCTTATCATTAACTCAACAAATCACCATCTTGGTTGTTCACCCATACATCTACAACATAGCATGGCAATTACTTTACTCCTTAAGAAAAGATAGAGTTCCAATGGTTTTCTACTGGATCCCATGGTTTGGTTCTGCTGCTAGTTATGGTATGCAACCATACGAATTCTTTGAAAAGTGTAGATTGAAATATGGTGATGTTTTTTCATTTATGTTATTGGGTAAAGTTATGACTGTTTATTTGGGTCCAAAAGGTCACGAATTCATTTACAATGCTAAATTATCCGATGTTTCTGCTGAAGAAGCTTATACCCATTTGACTACTCCTGTTTTTGGTAAAGGTGTTATTTATGATTGTCCAAACTCTAGATTAATGGAACAAAAGAAGTTTGCTAAATTTGCTTTGACTACTGATTCTTTCAAAACCTATGTTCCAAAGATCAGAGAAGAAGTTTTGAATTATTTTGTTAACGATGTTAGTTTCAAAACCAAGGAAAGAGACCATGGTGTTGCTAGTGTTATGAAAACTCAACCAGAAATCACTATTTTCACTGCTTCTCGTTGTTTATTTGGTGATGAAATGAGAAAGAGTTTCGACAGATCATTTGCTCAATTGTATGCTGACTTGGATAAAGGTTTCACCCCAATCAACTTTGTTTTCCCAAACTTGCCATTACCTCATTACTGGAGACGTGACGCTGCTCAAAGAAAGATATCTGCTCATTACATGAAGGAAATTAAGAGAAGAAGAGAAAGCGGTGATATTGATCCAAAGAGAGATTTGATTGATTCCTTGTTGGTTAACTCTACTTATAAAGATGGTGTTAAAATGACTGATCAAGAAATTGCTAACCTTTTAATTGGTGTTTTGATGGGTGGTCAACATACTTCTGCTTCCACTTCTGCCTGGTTCTTGTTGCATTTGGCTGAACAACCACAATTACAAGATGATCTTTACGAAGAATTGACCAACTTGTTGAAAGAAAAGGGTGGTGACTTGAACGATTTGACTTACGAAGACTTGCAAAAATTACCATTGGTTAACAACACTATTAAAGAAACTTTGAGAATGCACATGCCATTGCATTCTATTTTCAGAAAAGTTATGAACCCATTGAGAGTCCCAAATACCAAATATGTTATTCCAAAAGGTCACTATGTCTTAGTTTCTGCCGGTTATGCTCATACCAGTGATAGATGGTTTGAACACCCAGAACATTTCAACCCAAGAAGATGGGAATCTGATGATACCAAGGCTAGTGCTGTTTCTTTCAATTCTGAAGATACTGTTGATTATGGTTTCGGTAAAATTTCCAAAGGTGTCTCCTCTCCATACTTGCCATTCAGTGGTGGTAGACACAGATGTATTGGTGAACAATTTGCTTATGTTCAATTGGGAACTATTTTGACCACTTATATCTACAACTTCAAATGGAGATTAAACGGTGATAAGGTTCCAGATGTTGATTACCAATCCATGGTTACCTTACCATTAGAACCTGCTGAAATCGTTTGGGAAAAGAGAGATACTTGTATGGTTTAGAACACCATGGAGTAGCTAGAAAAATCCCATTATTATTTTTTTTATACATATTTATGCCTTTAATACAGTATACATTTTTTTTAACATATAGGATATATCTACCTTATAAAACACTAAATGTTTTTTGTGTGTATAAAAAAAGATTTCTCTCC"
"OR412823.1 Candida tropicalis strain 2 lanosterol 14-alpha-demethylase (ERG11) gene, complete cds","Candida tropicalis","ATTTTTATTAGTTCACCTATTCTTTTGTCAACACAGTAATGGCTATTGTTGATACTGCCATTGATGGCATCAATTATTTCTTATCCTTATCATTAACTCAACAAATCACCATCTTGGTTGTTTTCCCATTCATCTACAACATAGCATGGCAATTACTTTACTCCTTAAGAAAAGATAGAGTTCCAATGGTTTTCTACTGGATCCCATGGTTTGGTTCTGCTGCTAGTTATGGTATGCAACCATACGAATTCTTTGAAAAGTGTAGATTGAAATATGGTGATGTTTTTTCATTTATGTTATTGGGTAAAGTTATGACTGTTTATTTGGGTCCAAAAGGTCACGAATTCATTTACAATGCTAAATTATCCGATGTTTCTGCTGAAGAAGCTTATACCCATTTGACTACTCCTGTTTTTGGTAAAGGTGTTATTTATGATTGTCCAAACTCTAGATTAATGGAACAAAAGAAGTTTGCTAAATTTGCTTTGACTACTGATTCTTTCAAAACCTATGTTCCAAAGATCAGAGAAGAAGTTTTGAATTATTTTGTTAACGATGTTAGTTTCAAAACCAAGGAAAGAGACCATGGTGTTGCTAGTGTTATGAAAACTCAACCAGAAATCACTATTTTCACTGCTTCTCGTTGTTTATTTGGTGATGAAATGAGAAAGAGTTTCGACAGATCATTTGCTCAATTGTATGCTGACTTGGATAAAGGTTTCACCCCAATCAACTTTGTTTTCCCAAACTTGCCATTACCTCATTACTGGAGACGTGACGCTGCTCAAAGAAAGATATCTGCTCATTACATGAAGGAAATTAAGAGAAGAAGAGAAAGCGGTGATATTGATCCAAAGAGAGATTTGATTGATTCCTTGTTGGTTAACTCTACTTATAAAGATGGTGTTAAAATGACTGATCAAGAAATTGCTAACCTTTTAATTGGTGTTTTGATGGGTGGTCAACATACTTCTGCTTCCACTTCTGCCTGGTTCTTGTTGCATTTGGCTGAACAACCACAATTACAAGATGATCTTTACGAAGAATTGACCAACTTGTTGAAAGAAAAGGGTGGTGACTTGAACGATTTGACTTACGAAGACTTGCAAAAATTACCATTGGTTAACAACACTATTAAAGAAACTTTGAGAATGCACATGCCATTGCATTCTATTTTCAGAAAAGTTATGAACCCATTGAGAGTCCCAAATACCAAATATGTTATTCCAAAAGGTCACTATGTCTTAGTTTCTGCCGGTTATGCTCATACCAGTGATAGATGGTTTGAACACCCAGAACATTTCAACCCAAGAAGATGGGAATCTGATGATACCAAGGCTAGTGCTGTTTCTTTCAATTCTGAAGATACTGTTGATTATGGTTTCGGTAAAATTTCCAAAGGTGTCTCCTCTCCATACTTGCCATTCAGTGGTGGTAGACACAGATGTATTGGTGAACAATTTGCTTATGTTCAATTGGGAACTATTTTGACCACTTATATCTACAACTTCAAATGGAGATTAAACGGTGATAAGGTTCCAGATGTTGATTACCAATCCATGGTTACCTTACCATTAGAACCTGCTGAAATCGTTTGGGAAAAGAGAGATACTTGTATGGTTTAGAACACCATGGAGTAGCTAGAAAAATCCCATTATTATTTTTTTTATACATATTTATGCCTTTAATACAGTATACATTTTTTAACATATAGATAATCAGCAT"
